Ёи╫╩й╠╪Д	Ёи╫╩╪ш	╪ш╦Я╠Д╤╞	Ёи╫╩а©(йж)	Ёи╫╩╤Н(т╙)	птжй
15:00:00	6.27	--	0	0	бРел
15:00:00	6.27	--	0	0	бРел
14:59:59	6.27	--	122	76494	бРел
14:59:54	6.27	--	59	36993	бРел
14:59:49	6.27	--	244	152988	бРел
14:59:44	6.27	--	39	24453	бРел
14:59:39	6.27	0.01	158	99066	бРел
14:59:34	6.26	-0.01	75	46950	бТел
14:59:29	6.27	0.01	215	134805	бРел
14:59:24	6.26	-0.01	65	40690	бТел
14:59:19	6.27	--	24	15047	бРел
14:59:14	6.27	--	300	188100	бРел
14:59:09	6.27	--	33	20691	бРел
14:59:04	6.27	--	12	7523	бРел
14:58:59	6.27	--	240	150480	бРел
14:58:54	6.27	--	230	144210	бРел
14:58:39	6.27	--	2	1254	бРел
14:58:29	6.27	0.01	15	9405	бРел
14:58:24	6.26	--	251	157126	бТел
14:58:14	6.26	--	410	256966	бТел
14:58:04	6.26	--	9	5634	бТел
14:57:59	6.26	--	25	15650	бТел
14:57:54	6.26	--	16	10191	бТел
14:57:44	6.26	--	28	17528	бТел
14:57:39	6.26	--	55	34430	бТел
14:57:34	6.26	--	44	27544	бТел
14:57:28	6.26	--	45	28170	бТел
14:57:24	6.26	--	104	65247	бРел
14:57:19	6.26	0.01	10	6260	бРел
14:57:09	6.25	-0.01	63	39375	бТел
14:57:03	6.26	--	131	82006	бРел
14:56:54	6.26	--	4	2504	бРел
14:56:43	6.26	0.01	10	6260	бРел
14:56:39	6.25	-0.01	320	200000	бТел
14:56:33	6.26	0.01	940	588440	бРел
14:56:28	6.25	-0.01	38	23750	бТел
14:56:24	6.26	--	44	28007	бРел
14:56:13	6.26	--	30	18780	бРел
14:56:09	6.26	--	64	40064	бРел
14:56:04	6.26	--	14	8764	бРел
14:55:58	6.26	--	10	6260	бРел
14:55:54	6.26	0.02	73	45698	бРел
14:55:49	6.24	-0.02	1007	628368	бТел
14:55:23	6.26	--	11	6886	бРел
14:55:19	6.26	--	145	90770	бРел
14:55:08	6.26	0.01	151	94526	бРел
14:55:04	6.25	--	276	172500	бТел
14:54:53	6.25	--	575	359375	бТел
14:54:49	6.25	--	135	84375	бТел
14:54:38	6.25	--	17	10625	бТел
14:54:33	6.25	--	166	103750	бТел
14:54:23	6.25	--	339	211875	бТел
14:54:18	6.25	--	50	31250	бТел
14:54:13	6.25	-0.01	4	2500	бТел
14:54:08	6.26	0.01	4	2504	бРел
14:54:03	6.25	--	15	9375	бТел
14:53:53	6.25	-0.01	1	625	бТел
14:53:48	6.26	--	265	166372	бТел
14:53:42	6.26	--	11	6886	бТел
14:53:38	6.26	--	173	108298	бТел
14:53:33	6.26	--	60	37703	бТел
14:53:27	6.26	--	22	13772	бТел
14:53:23	6.26	-0.01	31	19406	бТел
14:53:18	6.27	0.01	2	1254	бРел
14:53:12	6.26	-0.01	30	18780	бТел
14:53:08	6.27	0.01	51	31976	бРел
14:53:03	6.26	--	91	56966	бТел
14:52:53	6.26	--	60	37560	бТел
14:52:38	6.26	0.01	307	192182	бРел
14:52:27	6.25	--	50	31250	бТел
14:52:23	6.25	-0.01	218	136250	бТел
14:52:18	6.26	--	92	57592	бРел
14:52:12	6.26	--	19	11894	бРел
14:52:03	6.26	--	403	252278	бТел
14:51:57	6.26	--	6	3756	бТел
14:51:48	6.26	--	23	14398	бТел
14:51:33	6.26	-0.01	32	20032	бТел
14:51:23	6.27	0.01	72	45144	бРел
14:51:18	6.26	0.01	169	105794	жпптел
14:51:12	6.25	-0.02	375	234537	бТел
14:51:06	6.27	--	10	6270	бТел
14:51:03	6.27	0.01	199	125236	бРел
14:50:57	6.26	-0.01	110	68860	бТел
14:50:51	6.27	--	3	1880	бРел
14:50:48	6.27	--	169	106126	бТел
14:50:42	6.27	--	84	52668	бТел
14:50:33	6.27	--	244	153451	бРел
14:50:27	6.27	0.01	26	16301	бРел
14:50:18	6.26	--	80	50080	бТел
14:50:12	6.26	--	201	125826	бТел
14:50:03	6.26	-0.01	20	12520	бТел
14:49:48	6.27	--	32	20064	бРел
14:49:42	6.27	--	353	221330	бТел
14:49:36	6.27	--	13	8150	бТел
14:49:33	6.27	--	53	33231	бТел
14:49:27	6.27	--	6	3761	бТел
14:49:17	6.27	--	114	71478	бТел
14:49:12	6.27	--	397	248918	бТел
14:49:06	6.27	--	2	1254	бТел
14:49:02	6.27	--	3	1880	бТел
14:48:57	6.27	--	9	5643	бТел
14:48:51	6.27	-0.01	11	6896	бТел
14:48:47	6.28	0.01	1	628	бРел
14:48:42	6.27	--	40	25080	бТел
14:48:36	6.27	--	26	16301	бТел
14:48:32	6.27	--	130	81510	бТел
14:48:27	6.27	--	15	9405	бТел
14:48:21	6.27	--	1	627	бТел
14:48:17	6.27	--	22	13793	бТел
14:48:12	6.27	--	73	45771	бТел
14:48:06	6.27	--	37	23199	бТел
14:48:02	6.27	--	3	1880	бТел
14:47:57	6.27	--	53	33231	бРел
14:47:51	6.27	0.01	20	12540	бРел
14:47:32	6.26	-0.01	28	17528	бТел
14:47:27	6.27	--	341	213807	бРел
14:47:12	6.27	0.01	85	53295	бРел
14:47:02	6.26	--	64	40064	бТел
14:46:57	6.26	--	2	1252	бТел
14:46:51	6.26	-0.01	32	20032	бТел
14:46:47	6.27	--	7	4389	бРел
14:46:42	6.27	--	38	23826	бРел
14:46:32	6.27	0.01	7	4389	бРел
14:46:27	6.26	0.01	205	128330	бРел
14:46:21	6.25	-0.01	67	41875	бТел
14:46:17	6.26	0.01	5	3130	бРел
14:46:12	6.25	-0.01	87	54375	бТел
14:46:06	6.26	0.01	6	3756	бРел
14:46:02	6.25	-0.01	31	19375	бТел
14:45:57	6.26	--	210	131460	бРел
14:45:51	6.26	--	20	12520	бРел
14:45:47	6.26	-0.01	744	465744	бТел
14:45:42	6.27	-0.01	4	2508	бТел
14:45:36	6.28	0.01	5	3140	бРел
14:45:32	6.27	--	10	6270	бТел
14:45:27	6.27	--	45	28214	бТел
14:45:21	6.27	-0.01	21	13167	бТел
14:45:17	6.28	0.01	53	33284	бРел
14:45:12	6.27	-0.01	30	18810	бТел
14:45:06	6.28	0.01	14	8792	бРел
14:45:02	6.27	--	6	3761	бТел
14:44:57	6.27	--	95	59564	бТел
14:44:51	6.27	--	7	4389	бТел
14:44:45	6.27	--	5	3135	бТел
14:44:42	6.27	--	36	22572	бТел
14:44:27	6.27	--	20	12540	бТел
14:44:15	6.27	-0.01	19	11913	бТел
14:44:12	6.28	--	85	53380	бРел
14:44:06	6.28	--	59	37052	бРел
14:43:57	6.28	--	18	11304	бРел
14:43:51	6.28	--	44	27632	бРел
14:43:45	6.28	--	100	62800	бРел
14:43:42	6.28	--	11	6908	бРел
14:43:36	6.28	--	9	5652	бРел
14:43:30	6.28	--	47	29516	бРел
14:43:27	6.28	--	13	8164	бРел
14:43:21	6.28	--	53	33284	бРел
14:43:15	6.28	0.01	5	3140	бРел
14:43:12	6.27	--	10	6270	бТел
14:43:06	6.27	--	12	7523	бТел
14:42:57	6.27	--	15	9405	бТел
14:42:45	6.27	-0.01	3	1880	бТел
14:42:41	6.28	--	5	3140	бРел
14:42:21	6.28	0.01	5	3140	бРел
14:42:15	6.27	-0.01	30	18810	бТел
14:42:11	6.28	0.01	239	150092	бРел
14:42:06	6.27	--	34	21318	бТел
14:41:56	6.27	--	50	31349	бТел
14:41:51	6.27	--	35	21945	бТел
14:41:41	6.27	-0.01	10	6270	бТел
14:41:36	6.28	--	65	40820	бРел
14:41:30	6.28	--	28	17584	бРел
14:41:26	6.28	--	36	22608	бРел
14:41:11	6.28	0.01	17	10676	бРел
14:41:06	6.27	--	8	5016	бТел
14:41:00	6.27	--	0	0	жпптел
14:40:56	6.27	--	272	170544	бРел
14:40:51	6.27	--	80	50160	бТел
14:40:41	6.27	-0.01	806	505675	бТел
14:40:36	6.28	--	97	60916	бРел
14:40:30	6.28	0.01	5	3140	бРел
14:40:26	6.27	-0.01	61	38247	бТел
14:40:21	6.28	0.01	586	368008	бРел
14:40:11	6.27	-0.01	136	85272	бТел
14:40:06	6.28	0.01	6	3768	бРел
14:39:56	6.27	-0.01	26	16301	бТел
14:39:45	6.28	--	40	25120	бРел
14:39:41	6.28	0.01	131	82268	бРел
14:39:36	6.27	--	1	627	бТел
14:39:26	6.27	--	11	6896	бТел
14:39:15	6.27	0.01	393	246410	бРел
14:39:06	6.26	--	35	21910	бТел
14:39:00	6.26	--	163	102038	бТел
14:38:56	6.26	--	53	33178	бТел
14:38:51	6.26	--	13	8138	бТел
14:38:41	6.26	--	137	85762	бРел
14:38:36	6.26	--	88	55088	бРел
14:38:26	6.26	--	141	88266	бРел
14:38:21	6.26	--	16	10016	бРел
14:38:15	6.26	0.01	5	3130	бРел
14:38:09	6.25	-0.01	72	45000	бТел
14:38:06	6.26	--	14	8764	бРел
14:38:00	6.26	--	38	23788	бРел
14:37:54	6.26	--	1	626	бРел
14:37:51	6.26	0.01	9	5634	бРел
14:37:45	6.25	--	57	35625	бТел
14:37:39	6.25	-0.01	5	3125	бТел
14:37:36	6.26	0.01	30	18780	бРел
14:37:30	6.25	-0.01	45	28125	бТел
14:37:15	6.26	0.01	17	10642	бРел
14:37:09	6.25	--	20	12500	бТел
14:37:06	6.25	--	8	5000	бТел
14:37:00	6.25	--	29	18125	бТел
14:36:51	6.25	-0.01	20	12500	бТел
14:36:45	6.26	--	25	15650	бРел
14:36:39	6.26	0.01	58	36308	бРел
14:36:30	6.25	--	8	5000	бТел
14:36:20	6.25	-0.01	29	18125	бТел
14:36:09	6.26	0.01	34	21284	бРел
14:36:05	6.25	-0.01	3	1875	бТел
14:36:00	6.26	--	10	6260	бРел
14:35:54	6.26	0.01	650	406900	бРел
14:35:50	6.25	--	1000	625000	бТел
14:35:45	6.25	--	10	6250	бТел
14:35:39	6.25	-0.01	24	15000	бТел
14:35:35	6.26	--	1	626	бРел
14:35:30	6.26	-0.01	587	367462	бТел
14:35:15	6.27	0.01	5	3135	бРел
14:35:05	6.26	--	3	1878	бТел
14:35:00	6.26	-0.01	3	1878	бТел
14:34:50	6.27	--	22	13793	бРел
14:34:30	6.27	0.01	61	38247	бРел
14:34:24	6.26	-0.01	3	1878	бТел
14:34:15	6.27	0.01	45	28214	бРел
14:34:05	6.26	-0.01	3	1878	бТел
14:34:00	6.27	--	43	26960	бРел
14:33:50	6.27	--	60	37620	бРел
14:33:45	6.27	0.01	76	47652	бРел
14:33:35	6.26	--	15	9390	бТел
14:33:30	6.26	-0.01	40	25040	бТел
14:33:24	6.27	0.01	10	6270	бРел
14:33:09	6.26	--	266	166516	бРел
14:33:05	6.26	--	18	11268	бРел
14:33:00	6.26	--	2	1252	бРел
14:32:54	6.26	--	20	12520	бРел
14:32:50	6.26	0.01	1	626	бРел
14:32:45	6.25	-0.01	4	2500	бТел
14:32:35	6.26	--	86	53836	бРел
14:32:24	6.26	--	30	18780	бРел
14:32:15	6.26	--	68	42568	бРел
14:32:05	6.26	0.01	40	25040	бРел
14:31:50	6.25	--	20	12500	бТел
14:31:39	6.25	--	10	6250	бТел
14:31:35	6.25	-0.01	63	39375	бТел
14:31:30	6.26	0.01	220	137720	бРел
14:31:24	6.25	--	12	7500	бТел
14:31:14	6.25	--	1	625	бТел
14:31:05	6.25	-0.01	5	3125	бТел
14:31:00	6.26	--	11	6886	бРел
14:30:54	6.26	--	1	626	бРел
14:30:49	6.26	0.01	20	12520	бРел
14:30:45	6.25	-0.01	6	3750	бТел
14:30:39	6.26	--	30	18780	бРел
14:30:24	6.26	--	27	16902	бРел
14:30:18	6.26	--	36	22536	бРел
14:30:09	6.26	0.01	149	93274	бРел
14:30:03	6.25	-0.02	13	8125	бТел
14:29:48	6.27	0.02	30	18810	бРел
14:29:44	6.25	-0.01	500	312500	бТел
14:29:39	6.26	--	134	84165	бТел
14:29:33	6.26	0.01	23	14398	бРел
14:29:29	6.25	--	30	18750	бТел
14:29:09	6.25	--	3	1875	бТел
14:29:03	6.25	-0.01	3	1875	бТел
14:28:59	6.26	--	16	10016	бРел
14:28:48	6.26	--	2	1252	бРел
14:28:44	6.26	-0.01	47	29766	бТел
14:28:39	6.27	0.01	65	40755	бРел
14:28:33	6.26	--	0	281	бТел
14:28:29	6.26	-0.01	500	313000	бТел
14:28:24	6.27	--	10	6270	бРел
14:28:14	6.27	--	28	17556	бРел
14:28:03	6.27	--	29	18183	бРел
14:27:59	6.27	--	3	1880	бРел
14:27:44	6.27	--	4	2508	бРел
14:27:39	6.27	--	281	176187	бТел
14:27:29	6.27	--	25	15674	бТел
14:27:24	6.27	-0.01	20	12540	бТел
14:27:14	6.28	0.01	50	31400	бРел
14:27:03	6.27	-0.01	6	3761	бТел
14:26:59	6.28	0.02	12	7536	бРел
14:26:48	6.26	--	0	0	бТел
14:26:44	6.26	-0.01	200	125200	бТел
14:26:33	6.27	--	55	34485	бРел
14:26:29	6.27	--	9	5643	бРел
14:26:24	6.27	--	5	3135	бРел
14:26:18	6.27	--	10	6270	бРел
14:26:14	6.27	--	34	21318	бРел
14:26:09	6.27	-0.01	238	149226	бТел
14:26:03	6.28	--	10	6280	бРел
14:25:54	6.28	--	7	4396	бРел
14:25:48	6.28	0.01	33	20724	бРел
14:25:44	6.27	--	42	26334	бТел
14:25:38	6.27	--	5	3135	бТел
14:25:24	6.27	--	11	6896	бТел
14:25:18	6.27	--	5	3135	бТел
14:25:14	6.27	--	100	62699	бТел
14:25:08	6.27	--	100	62699	бТел
14:25:03	6.27	-0.01	111	69597	бТел
14:24:58	6.28	--	21	13188	бРел
14:24:54	6.28	--	60	37680	бРел
14:24:48	6.28	0.01	21	13188	бРел
14:24:23	6.27	--	17	10659	бТел
14:24:18	6.27	-0.01	102	63953	бТел
14:24:14	6.28	0.01	4	2512	бРел
14:24:03	6.27	--	5	3135	бТел
14:23:54	6.27	-0.01	182	114113	бТел
14:23:48	6.28	--	46	28888	бРел
14:23:39	6.28	--	20	12560	бРел
14:23:33	6.28	0.01	21	13188	бРел
14:23:18	6.27	-0.01	64	40128	бТел
14:23:08	6.28	0.01	40	25120	бРел
14:23:03	6.27	--	8	5016	бТел
14:22:57	6.27	--	10	6270	бТел
14:22:53	6.27	0.01	48	30095	бРел
14:22:48	6.26	--	40	25040	бТел
14:22:38	6.26	-0.01	2	1252	бТел
14:22:33	6.27	--	15	9405	бРел
14:22:23	6.27	-0.01	82	51414	бТел
14:22:12	6.28	0.01	21	13188	бРел
14:22:08	6.27	--	60	37620	бТел
14:22:03	6.27	--	26	16301	бТел
14:21:57	6.27	--	124	77748	бТел
14:21:33	6.27	--	25	15674	бТел
14:21:03	6.27	-0.01	48	30095	бТел
14:20:57	6.28	--	21	13188	бРел
14:20:53	6.28	--	15	9420	бРел
14:20:38	6.28	--	4	2512	бРел
14:20:23	6.28	--	1	628	бРел
14:20:18	6.28	--	26	16328	бРел
14:20:12	6.28	--	27	16956	бТел
14:20:08	6.28	-0.01	4	2512	бРел
14:20:03	6.29	0.01	47	29563	бРел
14:19:53	6.28	--	12	7536	бТел
14:19:48	6.28	--	20	12560	бТел
14:19:33	6.28	-0.01	4	2512	бРел
14:19:18	6.29	0.01	80	50320	бРел
14:19:08	6.28	--	43	27004	бТел
14:19:03	6.28	--	96	60288	бТел
14:18:57	6.28	--	26	16328	бТел
14:18:53	6.28	--	2	1256	бТел
14:18:48	6.28	-0.01	170	106760	бТел
14:18:38	6.29	--	103	64787	бРел
14:18:32	6.29	--	12	7548	бРел
14:18:17	6.29	0.01	54	33966	бРел
14:18:12	6.28	--	12	7536	бТел
14:18:02	6.28	--	7	4396	бТел
14:17:52	6.28	-0.01	10	6280	бТел
14:17:47	6.29	0.01	18	11322	бРел
14:17:32	6.28	--	25	15700	бТел
14:17:17	6.28	--	330	207240	бТел
14:17:07	6.28	--	117	73476	бТел
14:17:02	6.28	-0.01	7	4396	бТел
14:16:57	6.29	--	3	1887	бРел
14:16:47	6.29	0.01	10	6290	бРел
14:16:42	6.28	--	1	628	бТел
14:16:17	6.28	--	12	7850	бРел
14:16:12	6.28	0.01	200	125600	бРел
14:16:02	6.27	-0.01	16	10032	бТел
14:15:57	6.28	0.01	307	192796	бРел
14:15:51	6.27	-0.01	22	13793	бТел
14:15:42	6.28	--	20	12560	бРел
14:15:06	6.28	0.01	18	11304	бРел
14:15:02	6.27	--	12	7523	бТел
14:14:57	6.27	--	20	12540	бТел
14:14:51	6.27	--	1	627	бТел
14:14:42	6.27	--	11	6896	бТел
14:14:27	6.27	--	13	8150	бРел
14:14:21	6.27	--	54	33858	бРел
14:14:17	6.27	--	12	7523	бРел
14:14:06	6.27	0.01	27	16929	бРел
14:14:02	6.26	--	56	35056	бТел
14:13:57	6.26	--	30	18780	бТел
14:13:12	6.26	--	21	13146	бТел
14:13:02	6.26	-0.01	3	1878	бТел
14:12:57	6.27	0.02	5	3135	бРел
14:12:51	6.25	-0.01	5	3125	бТел
14:12:47	6.26	--	17	10642	бРел
14:12:42	6.26	--	28	17528	бРел
14:12:27	6.26	-0.01	74	46324	бТел
14:12:17	6.27	--	29	18183	бРел
14:12:12	6.27	0.01	102	63953	бРел
14:12:02	6.26	-0.01	8	5008	жпптел
14:11:56	6.27	0.02	26	16301	бРел
14:11:51	6.25	--	0	393	бТел
14:11:42	6.25	-0.01	144	90000	бТел
14:11:31	6.26	--	5	3130	бРел
14:11:26	6.26	-0.01	10	6260	бТел
14:11:11	6.27	--	189	118502	бРел
14:11:06	6.27	0.01	87	54548	бРел
14:10:56	6.26	--	4	2504	бТел
14:10:41	6.26	--	28	17528	бРел
14:10:26	6.26	-0.01	203	127078	бТел
14:10:21	6.27	--	192	120383	бРел
14:10:06	6.27	-0.01	8	5016	бТел
14:09:36	6.28	--	24	15072	бРел
14:09:26	6.28	--	0	0	бРел
14:09:21	6.28	0.01	234	146952	бРел
14:09:06	6.27	-0.01	2	1254	бТел
14:09:01	6.28	0.01	70	43960	бРел
14:08:56	6.27	--	27	16929	бТел
14:08:41	6.27	-0.01	200	125399	бТел
14:08:26	6.28	--	2	1256	бРел
14:08:15	6.28	--	6	3768	бРел
14:08:11	6.28	--	78	48984	бТел
14:08:06	6.28	--	2	1256	бТел
14:07:51	6.28	0.01	82	51496	бРел
14:07:36	6.27	-0.01	40	25080	бТел
14:07:20	6.28	0.01	22	13816	бРел
14:07:11	6.27	-0.01	10	6270	бТел
14:06:51	6.28	0.01	10	6280	бРел
14:06:45	6.27	-0.01	698	437645	бТел
14:06:41	6.28	--	127	79756	бРел
14:06:36	6.28	--	21	13188	бРел
14:06:30	6.28	--	31	19468	бРел
14:06:26	6.28	--	4	2512	бРел
14:06:11	6.28	--	0	0	жпптел
14:06:05	6.28	--	523	328444	бРел
14:06:00	6.28	--	35	21980	бРел
14:05:51	6.28	--	10	6280	бРел
14:05:26	6.28	--	1	628	бРел
14:05:21	6.28	--	40	25120	бРел
14:05:10	6.28	--	11	6908	бРел
14:04:56	6.28	--	230	144440	бРел
14:04:51	6.28	0.01	4	2512	бРел
14:04:45	6.27	-0.01	20	12540	бТел
14:04:30	6.28	0.01	4	2512	бРел
14:04:10	6.27	-0.01	19	11913	бТел
14:04:00	6.28	0.01	30	18840	бРел
14:03:40	6.27	--	5	3135	бТел
14:03:30	6.27	--	25	15674	бТел
14:03:20	6.27	--	18	11286	бТел
14:03:15	6.27	-0.01	59	36993	бТел
14:03:10	6.28	--	9	5652	бРел
14:02:50	6.28	0.01	51	32028	бРел
14:02:45	6.27	-0.01	16	10032	бТел
14:02:35	6.28	--	7	4396	бРел
14:02:20	6.28	--	1	628	бРел
14:02:10	6.28	--	4	2512	бРел
14:02:05	6.28	0.01	1	628	бРел
14:02:00	6.27	--	32	20064	бТел
14:01:49	6.27	-0.01	20	12540	бТел
14:01:40	6.28	--	50	31400	бРел
14:01:30	6.28	0.01	30	18840	бРел
14:01:15	6.27	--	13	8150	бТел
14:01:05	6.27	0.01	290	181830	бРел
14:00:59	6.26	--	3	1878	бТел
14:00:54	6.26	-0.01	8	5008	бТел
14:00:44	6.27	--	65	40755	бРел
14:00:35	6.27	--	29	18183	бРел
14:00:20	6.27	--	5	3135	бРел
14:00:14	6.27	0.01	10	6270	бРел
14:00:09	6.26	--	5	3130	бТел
14:00:05	6.26	--	3	1878	бТел
13:59:50	6.26	--	78	48828	бРел
13:59:14	6.26	-0.01	39	24414	бТел
13:59:09	6.27	0.01	5	3135	бРел
13:58:50	6.26	--	0	0	жпптел
13:58:44	6.26	--	0	0	бРел
13:58:35	6.26	--	190	118940	бРел
13:58:19	6.26	--	27	16902	бРел
13:58:14	6.26	-0.01	127	79502	бТел
13:58:09	6.27	--	0	0	жпптел
13:58:05	6.27	--	0	0	бРел
13:57:59	6.27	--	16	10032	бТел
13:57:54	6.27	--	2	1254	бТел
13:57:49	6.27	--	33	20691	бТел
13:57:39	6.27	-0.01	48	30095	бТел
13:57:29	6.28	0.01	4	2512	бРел
13:57:24	6.27	-0.01	43	26960	бТел
13:57:14	6.28	0.01	218	136904	бРел
13:57:09	6.27	-0.01	10	6270	бТел
13:57:04	6.28	0.01	100	62800	бРел
13:56:54	6.27	--	3	1880	бТел
13:56:49	6.27	--	30	18810	бТел
13:56:44	6.27	--	3	1880	бТел
13:56:39	6.27	0.01	147	92169	бРел
13:56:14	6.26	--	47	29422	бРел
13:55:59	6.26	--	15	9390	бРел
13:55:54	6.26	--	5	3130	бРел
13:55:44	6.26	-0.01	270	169020	бТел
13:55:39	6.27	--	8	5016	бРел
13:55:29	6.27	0.01	20	12540	бРел
13:55:24	6.26	--	0	0	бТел
13:55:19	6.26	-0.01	90	56340	бТел
13:55:14	6.27	--	5	3135	бТел
13:55:09	6.27	--	2	1254	бТел
13:55:04	6.27	--	2	1254	бТел
13:54:54	6.27	0.01	194	121637	бРел
13:54:49	6.26	--	20	12520	бТел
13:54:43	6.26	--	1	626	бТел
13:54:39	6.26	--	75	46950	бТел
13:54:04	6.26	--	41	25666	бТел
13:53:59	6.26	0.01	100	62600	бТел
13:53:54	6.25	-0.01	45	28125	бТел
13:53:44	6.26	-0.01	10	6260	бТел
13:53:38	6.27	--	21	13167	бТел
13:53:34	6.27	--	37	23199	бТел
13:53:29	6.27	0.01	102	63953	бРел
13:53:23	6.26	--	20	12520	бТел
13:53:03	6.26	--	2	1252	бТел
13:52:59	6.26	-0.02	55	34430	бТел
13:52:53	6.28	0.01	27	16956	бРел
13:52:48	6.27	0.01	191	119756	бРел
13:52:44	6.26	--	43	27231	бТел
13:52:38	6.26	--	47	29422	бТел
13:52:33	6.26	--	44	27544	бТел
13:52:29	6.26	--	80	50080	бТел
13:52:23	6.26	--	4	2504	бТел
13:52:14	6.26	0.01	116	72929	бРел
13:52:08	6.25	--	5	3125	бТел
13:52:03	6.25	--	12	7500	бТел
13:51:48	6.25	--	14	8750	бТел
13:51:33	6.25	0.01	37	23125	бРел
13:51:29	6.24	-0.01	15	9360	бТел
13:51:14	6.25	--	3	1875	бРел
13:51:08	6.25	--	27	16875	бРел
13:51:03	6.25	--	4	2500	бРел
13:50:58	6.25	--	3	1875	бРел
13:50:53	6.25	--	50	31250	бРел
13:50:43	6.25	--	61	38125	бТел
13:50:28	6.25	0.01	39	24375	бРел
13:50:23	6.24	--	290	180960	бТел
13:50:08	6.24	--	20	12480	бТел
13:50:03	6.24	-0.01	34	21216	бТел
13:49:53	6.25	0.01	358	223750	бРел
13:49:23	6.24	--	103	64272	бТел
13:49:18	6.24	-0.01	2	1248	бТел
13:49:08	6.25	0.01	171	106875	бРел
13:49:03	6.24	-0.01	2	1248	бТел
13:48:33	6.25	--	59	36875	бРел
13:48:23	6.25	--	5	3125	бРел
13:48:08	6.25	0.01	42	26250	бРел
13:48:03	6.24	-0.01	22	13728	бТел
13:47:53	6.25	0.01	112	70000	бРел
13:47:48	6.24	-0.01	25	15600	бТел
13:47:43	6.25	-0.01	106	66250	бТел
13:47:37	6.26	0.01	5	3130	бРел
13:47:03	6.25	--	36	22500	бТел
13:46:52	6.25	--	121	75625	бТел
13:46:37	6.25	--	41	25625	бТел
13:46:28	6.25	--	12	7500	бТел
13:46:23	6.25	-0.01	1	625	бТел
13:46:17	6.26	0.01	173	108298	бРел
13:46:02	6.25	-0.01	33	20625	бТел
13:45:53	6.26	0.01	2	1252	бРел
13:45:47	6.25	--	11	6875	бТел
13:45:43	6.25	--	10	6250	бТел
13:45:38	6.25	--	19	11875	бТел
13:45:32	6.25	-0.01	50	31250	бТел
13:45:28	6.26	0.01	837	523962	бРел
13:45:17	6.25	-0.01	2	1250	бТел
13:45:13	6.26	0.01	3	1878	бРел
13:45:02	6.25	--	65	40625	бТел
13:44:57	6.25	--	15	9375	бТел
13:44:47	6.25	--	14	8750	бТел
13:44:37	6.25	--	15	9375	бТел
13:44:32	6.25	--	8	5000	бТел
13:44:27	6.25	-0.01	11	6875	бТел
13:44:23	6.26	0.01	66	41316	бРел
13:44:17	6.25	--	11	6875	бТел
13:44:12	6.25	--	24	15000	бТел
13:44:08	6.25	--	38	23750	бТел
13:44:02	6.25	-0.01	19	11875	бТел
13:43:57	6.26	--	100	62600	бРел
13:43:52	6.26	--	3	1878	бРел
13:43:47	6.26	--	12	7512	бРел
13:43:42	6.26	--	10	6260	бРел
13:43:37	6.26	--	495	310183	бТел
13:43:32	6.26	--	15	9390	бТел
13:43:27	6.26	--	210	131460	бТел
13:43:22	6.26	--	10	6260	бТел
13:43:17	6.26	-0.01	442	276692	бТел
13:43:02	6.27	--	1	627	бТел
13:42:52	6.27	0.01	16	10032	бРел
13:42:47	6.26	--	0	0	бТел
13:42:42	6.26	-0.01	13	8138	бТел
13:42:37	6.27	0.01	26	16301	бРел
13:42:32	6.26	-0.01	11	6886	бТел
13:42:17	6.27	--	50	31349	бРел
13:42:07	6.27	0.01	1	627	бРел
13:42:02	6.26	-0.01	13	8138	бТел
13:41:42	6.27	0.01	32	20064	бРел
13:41:32	6.26	--	0	0	бТел
13:41:22	6.26	-0.01	100	62600	бТел
13:41:02	6.27	--	18	11286	бРел
13:40:57	6.27	--	153	95931	бРел
13:40:52	6.27	--	12	7523	бРел
13:40:47	6.27	--	30	18810	бРел
13:40:32	6.27	--	5	3135	бРел
13:40:27	6.27	--	7	4389	бРел
13:40:17	6.27	--	10	6270	бРел
13:40:12	6.27	0.01	5	3135	бРел
13:40:02	6.26	--	72	45072	бТел
13:39:57	6.26	-0.01	45	28170	бТел
13:39:52	6.27	--	147	92169	бРел
13:39:47	6.27	0.01	24	15047	бРел
13:39:41	6.26	-0.01	2	1252	бТел
13:39:37	6.27	0.01	5	3135	бРел
13:39:31	6.26	-0.01	5	3130	бТел
13:39:16	6.27	0.01	61	38247	бРел
13:39:12	6.26	--	3	1878	бТел
13:39:01	6.26	--	7	4382	бТел
13:38:56	6.26	-0.01	5	3130	бТел
13:38:46	6.27	0.01	2	1254	бРел
13:38:41	6.26	-0.01	44	27544	бТел
13:38:16	6.27	--	40	25080	бРел
13:38:11	6.27	0.01	12	7523	бРел
13:38:02	6.26	--	12	7512	бТел
13:37:52	6.26	-0.01	25	15650	бТел
13:37:46	6.27	-0.01	244	152988	бТел
13:37:41	6.28	--	20	12560	бРел
13:37:16	6.28	--	1	628	бРел
13:37:11	6.28	0.01	15	9420	бРел
13:37:01	6.27	-0.01	4	2508	бТел
13:36:56	6.28	0.01	2	1256	бРел
13:36:52	6.27	--	20	12540	бТел
13:36:41	6.27	--	78	48906	бТел
13:36:26	6.27	--	3	1880	бТел
13:36:01	6.27	-0.01	3	1880	бТел
13:35:46	6.28	0.01	1	628	бРел
13:35:41	6.27	--	19	11913	бТел
13:35:36	6.27	-0.01	5	3135	бТел
13:35:16	6.28	0.01	70	43960	бРел
13:35:06	6.27	-0.01	2	1254	бТел
13:34:56	6.28	0.01	2	1256	бРел
13:34:51	6.27	-0.01	10	6270	бТел
13:34:41	6.28	--	86	54008	бРел
13:34:26	6.28	--	50	31400	бРел
13:34:21	6.28	-0.01	170	106760	бТел
13:34:06	6.29	-0.01	2	1258	бТел
13:33:46	6.3	0.01	2	1260	бРел
13:33:41	6.29	-0.01	32	20128	бТел
13:33:36	6.3	0.01	30	18900	бРел
13:33:26	6.29	--	16	10064	бТел
13:33:21	6.29	--	532	334628	бРел
13:33:16	6.29	0.01	65	40885	бРел
13:33:06	6.28	-0.01	2	1256	бТел
13:33:01	6.29	0.02	65	40885	бРел
13:32:56	6.27	--	0	0	бТел
13:32:51	6.27	-0.01	10	6270	бТел
13:32:41	6.28	0.01	87	54636	бРел
13:32:36	6.27	-0.01	215	134805	бТел
13:32:26	6.28	--	10	6280	бРел
13:32:21	6.28	--	11	6908	бРел
13:32:11	6.28	0.01	51	32028	бРел
13:32:06	6.27	-0.01	4	2508	бТел
13:31:56	6.28	--	51	32028	бТел
13:31:51	6.28	--	12	7536	бТел
13:31:46	6.28	--	153	96084	бРел
13:31:41	6.28	--	3	1884	бРел
13:31:25	6.28	--	6	3768	бТел
13:31:10	6.28	--	30	18840	бТел
13:31:05	6.28	--	1	628	бТел
13:31:01	6.28	0.01	309	194052	бРел
13:30:55	6.27	--	18	11286	бРел
13:30:46	6.27	0.01	3	1880	бРел
13:30:40	6.26	-0.01	6	3756	бТел
13:30:35	6.27	0.01	10	6270	бРел
13:30:25	6.26	-0.01	3	1878	бТел
13:30:05	6.27	--	71	44517	бРел
13:29:50	6.27	--	167	104709	бТел
13:29:40	6.27	--	16	10032	бТел
13:29:35	6.27	0.01	10	6270	бРел
13:29:25	6.26	-0.01	19	11894	бТел
13:29:15	6.27	--	1	627	бРел
13:29:05	6.27	-0.01	50	31349	бТел
13:29:00	6.28	0.02	49	30772	бРел
13:28:50	6.26	-0.02	149	93274	бТел
13:28:45	6.28	0.01	16	10048	бРел
13:28:40	6.27	--	5	3135	бРел
13:28:35	6.27	--	95	59564	бТел
13:28:30	6.27	-0.01	4	2508	бТел
13:28:25	6.28	--	117	73476	бРел
13:28:05	6.28	--	47	29516	бРел
13:27:55	6.28	0.01	5	3140	бРел
13:27:50	6.27	--	25	15674	бТел
13:27:30	6.27	-0.01	150	94050	бТел
13:27:25	6.28	0.01	30	18840	бРел
13:27:10	6.27	0.01	77	48279	бРел
13:27:05	6.26	-0.01	42	26292	бТел
13:27:00	6.27	--	7	4389	бРел
13:26:50	6.27	--	73	45771	бРел
13:26:40	6.27	--	3	1880	бРел
13:26:35	6.27	0.01	55	34485	бРел
13:26:30	6.26	--	96	60409	бРел
13:26:25	6.26	--	43	26918	бРел
13:26:05	6.26	--	23	14398	бРел
13:26:00	6.26	0.01	191	119566	бРел
13:25:35	6.25	--	20	12500	бТел
13:25:20	6.25	--	106	66250	бТел
13:25:05	6.25	--	3	1875	бТел
13:24:59	6.25	0.01	41	25956	бРел
13:24:49	6.24	-0.01	23	14352	бТел
13:24:44	6.25	--	105	65625	бРел
13:24:35	6.25	--	42	26250	бРел
13:24:24	6.25	--	55	34375	бРел
13:24:14	6.25	--	24	15000	бТел
13:24:04	6.25	-0.01	37	23125	бТел
13:23:54	6.26	0.01	30	18780	бРел
13:23:39	6.25	--	1	625	бРел
13:23:34	6.25	--	46	28750	бРел
13:23:19	6.25	--	24	15000	бТел
13:23:14	6.25	--	27	16875	бРел
13:23:04	6.25	0.01	8	5000	бРел
13:22:59	6.24	-0.01	45	28080	бТел
13:22:54	6.25	0.01	61	38125	бРел
13:22:49	6.24	--	50	31200	бТел
13:22:34	6.24	-0.01	300	187200	бТел
13:22:19	6.25	0.01	2	1250	бРел
13:22:04	6.24	-0.01	15	9360	бТел
13:21:59	6.25	--	6	3750	бРел
13:21:49	6.25	-0.01	20	12500	бТел
13:21:44	6.26	0.02	138	86388	бРел
13:21:34	6.24	--	0	0	бТел
13:21:29	6.24	-0.01	104	64896	бТел
13:21:09	6.25	--	162	101250	бРел
13:21:04	6.25	--	31	19375	бРел
13:20:59	6.25	--	67	41875	бРел
13:20:44	6.25	--	126	78750	бРел
13:20:29	6.25	--	51	31875	бРел
13:20:24	6.25	0.01	86	53750	бРел
13:20:19	6.24	-0.01	3	1872	бТел
13:20:14	6.25	--	20	12500	бРел
13:20:09	6.25	0.01	17	10625	бРел
13:20:04	6.24	-0.01	118	73632	бТел
13:19:54	6.25	--	34	21250	бРел
13:19:49	6.25	0.01	20	12500	бРел
13:19:44	6.24	--	217	135408	бТел
13:19:29	6.24	-0.01	12	7488	бТел
13:19:24	6.25	0.01	56	35000	бРел
13:19:14	6.24	--	80	49920	бТел
13:19:04	6.24	--	2	1248	бТел
13:18:54	6.24	--	79	49296	бТел
13:18:39	6.24	-0.01	7	4368	бТел
13:18:34	6.25	--	16	10000	бРел
13:18:29	6.25	0.01	24	15000	бРел
13:18:24	6.24	-0.01	323	201552	бТел
13:18:14	6.25	--	21	13125	бРел
13:18:09	6.25	0.01	59	36875	бРел
13:18:04	6.24	--	1	624	бТел
13:17:49	6.24	-0.01	53	33072	бТел
13:17:44	6.25	--	3	1875	бРел
13:17:38	6.25	0.01	18	11250	бРел
13:17:29	6.24	--	19	11856	бТел
13:17:18	6.24	-0.01	40	24960	бТел
13:17:13	6.25	0.01	1	625	бРел
13:17:08	6.24	-0.01	64	39936	бТел
13:17:03	6.25	0.01	12	7500	бРел
13:16:48	6.24	-0.01	18	11232	бТел
13:16:33	6.25	0.01	39	24375	бРел
13:16:23	6.24	--	1	624	бТел
13:16:18	6.24	--	75	46800	бТел
13:16:13	6.24	--	1	624	бТел
13:16:03	6.24	--	1	624	бТел
13:15:58	6.24	--	101	63024	бРел
13:15:48	6.24	0.01	50	31200	бРел
13:15:43	6.23	-0.02	886	551978	бТел
13:15:38	6.25	0.01	20	12500	бРел
13:15:08	6.24	--	221	137904	бТел
13:15:03	6.24	--	3	1872	бТел
13:14:58	6.24	--	3	1872	бТел
13:14:43	6.24	--	4	2496	бТел
13:14:38	6.24	--	301	187824	бТел
13:14:28	6.24	--	51	31824	бТел
13:14:23	6.24	--	23	14352	бТел
13:14:08	6.24	--	21	13104	бТел
13:14:03	6.24	-0.01	2	1248	бТел
13:13:53	6.25	--	51	31875	бРел
13:13:48	6.25	--	184	115000	бТел
13:13:43	6.25	--	10	6250	бТел
13:13:38	6.25	--	37	23125	бТел
13:13:33	6.25	--	135	84375	бТел
13:13:23	6.25	--	30	18750	бТел
13:13:18	6.25	--	11	6875	бТел
13:13:08	6.25	--	478	298750	бРел
13:13:03	6.25	-0.01	98	61250	бТел
13:12:58	6.26	--	15	9390	бРел
13:12:53	6.26	--	50	31300	бРел
13:12:33	6.26	--	13	8138	бТел
13:12:28	6.26	--	1	626	бТел
13:12:22	6.26	--	2	1252	бТел
13:12:03	6.26	--	19	11894	бТел
13:11:52	6.26	0.02	20	12520	бРел
13:11:48	6.24	--	5	3120	бТел
13:11:33	6.24	--	20	12480	бТел
13:11:03	6.24	--	30	18720	бТел
13:10:53	6.24	-0.03	1	624	бТел
13:10:48	6.27	--	0	0	бРел
13:10:43	6.27	0.04	21	13167	бРел
13:10:17	6.23	--	0	0	бТел
13:10:07	6.23	-0.02	496	309008	бТел
13:10:02	6.25	0.01	21	13125	бРел
13:09:43	6.24	--	100	62400	бТел
13:09:37	6.24	-0.01	94	58656	бТел
13:09:27	6.25	--	8	5000	бРел
13:09:17	6.25	--	20	12500	бРел
13:09:02	6.25	-0.01	196	122500	бТел
13:08:57	6.26	--	0	0	жпптел
13:08:47	6.26	--	10	6260	бРел
13:08:32	6.26	--	3	1878	бТел
13:08:22	6.26	--	2	1252	бРел
13:08:02	6.26	-0.01	2	1252	бТел
13:07:57	6.27	--	100	62699	бРел
13:07:02	6.27	--	7	4389	бРел
13:06:52	6.27	--	25	15674	бРел
13:06:47	6.27	--	31	19437	бРел
13:06:32	6.27	--	1	627	бРел
13:06:27	6.27	--	13	8150	бРел
13:06:17	6.27	--	201	126026	бРел
13:06:12	6.27	0.02	91	57056	бРел
13:06:02	6.25	-0.02	2	1250	бТел
13:05:57	6.27	--	2	1254	бРел
13:05:42	6.27	0.02	20	12540	бРел
13:05:12	6.25	-0.01	3	1875	бТел
13:05:01	6.26	0.01	11	6886	бТел
13:04:42	6.25	--	0	0	жпптел
13:04:27	6.25	--	0	0	бРел
13:04:16	6.25	-0.01	675	421875	бТел
13:04:12	6.26	--	8	5008	бТел
13:04:01	6.26	-0.01	62	38812	бТел
13:03:57	6.27	--	1	627	бРел
13:03:16	6.27	--	44	27587	бТел
13:03:01	6.27	--	2	1254	бТел
13:02:56	6.27	0.01	57	35739	бРел
13:02:46	6.26	--	3	1878	бТел
13:02:41	6.26	-0.01	7	4382	бТел
13:02:31	6.27	0.01	2	1254	жпптел
13:02:26	6.26	-0.02	200	125200	бТел
13:02:16	6.28	--	38	23864	бРел
13:02:07	6.28	--	4	2512	бРел
13:02:01	6.28	-0.01	217	136276	бТел
13:01:56	6.29	--	100	62900	бРел
13:01:46	6.29	-0.01	152	95608	бТел
13:01:41	6.3	--	30	19416	бТел
13:01:31	6.3	--	3	2003	бРел
13:01:26	6.3	--	250	157500	бРел
13:01:16	6.3	0.01	38	23940	бРел
13:01:11	6.29	--	35	22015	бРел
13:01:06	6.29	0.01	4	2516	бРел
13:01:01	6.28	-0.01	42	26376	бТел
13:00:56	6.29	0.01	10	6290	бРел
13:00:41	6.28	0.01	28	17584	бРел
13:00:31	6.27	--	25	15674	бТел
13:00:06	6.27	0.01	761	477146	бРел
13:00:01	6.26	--	15	9390	бТел
11:30:00	6.26	--	0	0	бТел
11:29:59	6.26	--	0	0	бТел
11:29:57	6.26	-0.01	30	18780	бТел
11:29:46	6.27	-0.01	10	6270	бТел
11:29:41	6.28	--	50	31400	бРел
11:29:31	6.28	--	18	11304	бТел
11:29:26	6.28	--	22	13816	бТел
11:29:16	6.28	-0.01	10	6280	бТел
11:29:05	6.29	--	23	14467	бРел
11:29:01	6.29	0.02	49	30821	бРел
11:28:56	6.27	-0.03	300	188100	бТел
11:28:46	6.3	0.02	53	33390	бРел
11:28:41	6.28	--	31	19468	бРел
11:28:31	6.28	-0.02	129	81012	бТел
11:28:26	6.3	--	23	14490	бРел
11:28:16	6.3	0.02	100	63000	бРел
11:28:11	6.28	-0.02	15	9420	жпптел
11:28:05	6.3	0.03	6	3780	бРел
11:28:01	6.27	-0.03	2	1254	бТел
11:27:56	6.3	0.01	2000	1260000	бРел
11:27:50	6.29	0.01	196	123284	бРел
11:27:46	6.28	-0.01	126	79128	бТел
11:27:35	6.29	0.01	5	3145	бРел
11:27:31	6.28	-0.02	35	21980	бТел
11:27:26	6.3	--	16	10080	бРел
11:27:05	6.3	--	9	5670	бРел
11:27:01	6.3	--	216	136596	бТел
11:26:56	6.3	--	152	95760	бТел
11:26:50	6.3	--	20	12600	бТел
11:26:46	6.3	--	122	76860	бТел
11:26:41	6.3	-0.01	287	180810	бТел
11:26:36	6.31	0.01	20	12620	бРел
11:26:26	6.3	--	10	6300	бТел
11:26:16	6.3	--	100	63000	бТел
11:26:11	6.3	0.02	694	437333	бРел
11:26:05	6.28	-0.01	5	3140	бРел
11:25:46	6.29	0.01	52	32708	бРел
11:25:41	6.28	--	60	37680	бРел
11:25:35	6.28	-0.02	28	17584	бТел
11:25:31	6.3	0.01	1002	631260	бРел
11:25:26	6.29	--	2	1258	бРел
11:25:16	6.29	0.01	55	34595	бРел
11:25:11	6.28	--	5	3140	бТел
11:25:01	6.28	-0.01	112	70336	жпптел
11:24:56	6.29	0.01	1000	629000	бРел
11:24:46	6.28	--	30	18840	бРел
11:24:31	6.28	--	85	53380	бРел
11:24:15	6.28	--	0	0	бРел
11:24:11	6.28	0.02	39	24492	бРел
11:24:05	6.26	-0.02	202	126452	бТел
11:23:56	6.28	0.02	14	8792	бРел
11:23:44	6.26	-0.02	20	12520	бТел
11:23:40	6.28	--	0	0	бРел
11:23:35	6.28	0.04	1000	628000	бРел
11:23:29	6.24	--	8	4992	бТел
11:23:14	6.24	--	206	128544	бТел
11:23:05	6.24	--	17	10608	бТел
11:22:20	6.24	-0.01	21	13104	бТел
11:22:10	6.25	0.01	5	3125	жпптел
11:22:05	6.24	-0.01	5	3120	бТел
11:21:59	6.25	--	1	625	бРел
11:21:55	6.25	--	2	1250	бРел
11:21:40	6.25	0.01	21	13125	бРел
11:21:20	6.24	--	28	17472	бТел
11:21:05	6.24	--	113	70705	бРел
11:20:59	6.24	--	10	6240	бРел
11:20:55	6.24	0.01	50	31200	бРел
11:20:44	6.23	--	20	12460	бТел
11:20:34	6.23	-0.01	13	8099	бТел
11:20:20	6.24	0.01	7	4368	бРел
11:20:04	6.23	--	3	1869	бТел
11:19:59	6.23	-0.01	34	21182	бТел
11:19:55	6.24	--	2	1248	бРел
11:19:40	6.24	0.01	20	12480	бРел
11:19:35	6.23	-0.01	16	9968	бТел
11:19:10	6.24	--	63	39742	бТел
11:19:05	6.24	--	1	624	бТел
11:18:25	6.24	--	13	8112	бТел
11:18:05	6.24	--	2	1248	бТел
11:17:50	6.24	-0.01	23	14352	бТел
11:17:44	6.25	--	66	41250	бТел
11:17:29	6.25	--	1	625	бТел
11:17:24	6.25	--	103	64375	бРел
11:17:08	6.25	0.01	20	12500	бРел
11:17:05	6.24	-0.01	9	5616	бТел
11:16:49	6.25	--	39	24375	бТел
11:16:44	6.25	--	1	625	бТел
11:16:19	6.25	0.01	2	1250	бРел
11:16:04	6.24	--	1	624	бТел
11:15:53	6.24	--	0	0	бТел
11:15:44	6.24	-0.02	1149	716976	бТел
11:15:14	6.26	--	67	41942	бРел
11:15:08	6.26	--	21	13146	бТел
11:15:04	6.26	--	2	1252	бТел
11:14:59	6.26	--	8	5008	бТел
11:14:53	6.26	--	1	626	бТел
11:14:49	6.26	0.01	182	113932	бРел
11:14:34	6.25	-0.01	16	10000	бТел
11:14:04	6.26	--	21	13146	бРел
11:13:49	6.26	0.01	4	2504	бРел
11:13:44	6.25	--	3	1875	бТел
11:13:38	6.25	-0.01	28	17693	бТел
11:13:19	6.26	-0.01	116	72616	бТел
11:13:14	6.27	0.01	83	52041	бРел
11:13:04	6.26	--	2	1252	бТел
11:12:53	6.26	--	4	2504	бТел
11:12:49	6.26	0.01	321	200946	бРел
11:12:43	6.25	-0.01	28	17500	бТел
11:12:23	6.26	0.01	2	1252	бРел
11:12:14	6.25	-0.01	160	100000	бТел
11:12:04	6.26	0.01	310	194060	бРел
11:11:59	6.25	--	700	437500	бТел
11:11:53	6.25	-0.01	2	1250	бТел
11:11:49	6.26	--	126	78876	бРел
11:11:44	6.26	0.01	10	6260	бРел
11:11:34	6.25	-0.01	34	21250	бТел
11:11:29	6.26	0.01	576	360576	бРел
11:11:03	6.25	-0.01	2	1250	бТел
11:10:58	6.26	0.01	500	313000	бРел
11:10:48	6.25	-0.01	5	3125	бТел
11:10:38	6.26	0.01	16	10016	бРел
11:10:13	6.25	--	52	32500	бТел
11:10:02	6.25	-0.01	2	1250	бТел
11:09:58	6.26	--	73	45698	бРел
11:09:53	6.26	--	2	1252	бРел
11:09:43	6.26	0.01	4	2504	бРел
11:09:38	6.25	-0.01	27	16875	бТел
11:09:32	6.26	--	1	626	бРел
11:09:28	6.26	0.01	2	1252	бРел
11:09:13	6.25	--	27	16875	бТел
11:09:08	6.25	-0.01	2	1250	бТел
11:08:58	6.26	0.01	15	9390	бРел
11:08:53	6.25	--	33	20625	бТел
11:08:47	6.25	--	102	63750	бТел
11:08:38	6.25	-0.01	42	26250	бТел
11:08:32	6.26	--	8	5008	бРел
11:08:28	6.26	0.01	3	1878	бРел
11:08:02	6.25	--	2	1250	бТел
11:07:53	6.25	0.01	183	114375	бРел
11:07:43	6.24	--	2	1248	бТел
11:07:38	6.24	-0.01	2	1248	бТел
11:07:28	6.25	--	0	0	бРел
11:07:23	6.25	0.01	3	1875	бРел
11:07:13	6.24	-0.01	40	24960	бТел
11:07:07	6.25	--	8	5000	бТел
11:07:02	6.25	0.01	2	1250	жпптел
11:06:58	6.24	-0.01	513	320112	бТел
11:06:53	6.25	-0.01	23	14375	бТел
11:06:43	6.26	0.01	22	13772	бРел
11:06:28	6.25	--	20	12500	бТел
11:06:22	6.25	--	2	1250	бТел
11:06:17	6.25	--	135	84375	бТел
11:06:02	6.25	--	2	1250	бТел
11:05:58	6.25	--	45	28125	бТел
11:05:43	6.25	-0.01	179	111875	бТел
11:05:28	6.26	--	2	1252	бРел
11:05:17	6.26	--	9	5634	бРел
11:05:13	6.26	--	55	34430	бТел
11:05:08	6.26	--	243	152118	бРел
11:05:02	6.26	--	2	1252	бРел
11:04:58	6.26	--	3	1878	бРел
11:04:53	6.26	--	24	15024	бРел
11:04:47	6.26	--	225	140850	бРел
11:04:43	6.26	--	29	18154	бРел
11:04:37	6.26	--	142	88892	бРел
11:04:28	6.26	--	5	3130	бРел
11:04:23	6.26	--	14	8764	бРел
11:04:13	6.26	--	20	12520	бРел
11:04:07	6.26	--	5	3130	бРел
11:04:02	6.26	--	11	6886	бРел
11:03:57	6.26	--	1	626	бРел
11:03:52	6.26	--	41	25666	бРел
11:03:47	6.26	--	3	1878	бРел
11:03:32	6.26	--	56	35056	бРел
11:03:27	6.26	--	20	12520	бРел
11:03:22	6.26	--	10	6260	бРел
11:03:08	6.26	0.01	12	7512	бРел
11:03:02	6.25	-0.01	10	6250	бТел
11:02:56	6.26	--	55	34430	бРел
11:02:47	6.26	0.01	13	8138	бРел
11:02:32	6.25	--	105	65625	бРел
11:02:22	6.25	0.01	23	14375	бРел
11:02:07	6.24	-0.01	3	1872	бТел
11:01:56	6.25	--	4	2500	бРел
11:01:47	6.25	0.02	30	18750	бРел
11:01:41	6.23	-0.02	1	623	бТел
11:01:22	6.25	0.01	1000	625000	бРел
11:01:17	6.24	0.01	6	3744	бРел
11:01:11	6.23	--	9	5607	бТел
11:01:02	6.23	--	7	4361	бТел
11:00:52	6.23	--	31	19313	бТел
11:00:47	6.23	--	409	254807	бТел
11:00:41	6.23	--	13	8099	бТел
11:00:22	6.23	--	17	10591	бТел
11:00:07	6.23	-0.01	2	1246	бТел
10:59:52	6.24	--	150	94111	бТел
10:59:47	6.24	--	100	62400	бТел
10:59:26	6.24	--	1	624	бТел
10:59:22	6.24	0.01	839	523648	бРел
10:59:16	6.23	0.01	189	117747	бРел
10:59:07	6.22	-0.01	3	1866	бТел
10:59:01	6.23	--	72	44856	бРел
10:58:56	6.23	0.01	26	16198	бРел
10:58:37	6.22	-0.01	2	1244	бТел
10:58:26	6.23	0.01	98	61054	бРел
10:58:22	6.22	--	25	15550	бТел
10:58:17	6.22	--	90	55980	бТел
10:58:07	6.22	--	23	14306	бТел
10:57:52	6.22	--	31	19282	бТел
10:57:37	6.22	-0.01	34	21148	бТел
10:57:22	6.23	--	10	6230	бРел
10:57:16	6.23	--	204	127092	бРел
10:57:06	6.23	0.01	44	27412	бРел
10:57:01	6.22	-0.01	27	16794	бТел
10:56:56	6.23	--	66	41118	бРел
10:56:51	6.23	--	62	38626	бРел
10:56:35	6.23	--	3	1869	бРел
10:56:31	6.23	0.01	142	88466	бРел
10:56:26	6.22	-0.01	80	49760	бТел
10:56:20	6.23	0.01	3	1869	бРел
10:56:11	6.22	--	25	15550	бТел
10:56:05	6.22	--	2	1244	бТел
10:55:56	6.22	-0.01	13	8086	бТел
10:55:35	6.23	0.01	41	25543	бРел
10:55:31	6.22	--	113	70286	бТел
10:55:26	6.22	--	1	622	бТел
10:55:16	6.22	--	53	32966	бТел
10:55:05	6.22	-0.01	2	1244	бТел
10:55:01	6.23	--	4	2492	бРел
10:54:50	6.23	0.01	1	623	бРел
10:54:41	6.22	-0.01	20	12440	бТел
10:54:31	6.23	0.01	30	18690	бРел
10:54:26	6.22	-0.01	5	3110	бТел
10:54:11	6.23	--	2	1246	бРел
10:54:05	6.23	0.01	10	6230	бРел
10:54:01	6.22	-0.01	10	6220	бТел
10:53:56	6.23	0.01	2	1246	бРел
10:53:50	6.22	--	10	6220	бТел
10:53:46	6.22	-0.01	6	3732	бТел
10:53:41	6.23	0.01	21	13083	бРел
10:53:26	6.22	-0.01	45	27990	бТел
10:53:20	6.23	--	62	38626	бРел
10:53:11	6.23	0.01	44	27412	бРел
10:53:00	6.22	--	2	1244	бТел
10:52:45	6.22	-0.01	16	9952	бТел
10:52:30	6.23	--	22	13706	бРел
10:52:26	6.23	0.01	68	42364	бРел
10:52:16	6.22	--	10	6220	бТел
10:52:05	6.22	--	3	1866	бТел
10:52:00	6.22	--	12	7464	бТел
10:51:55	6.22	-0.01	11	6842	бТел
10:51:40	6.23	0.01	13	8099	бРел
10:51:20	6.22	--	30	18660	бТел
10:51:15	6.22	--	248	154256	бТел
10:51:05	6.22	--	3	1866	бТел
10:51:00	6.22	-0.01	33	20526	бТел
10:50:40	6.23	--	44	27412	бТел
10:50:30	6.23	--	107	66661	бТел
10:50:20	6.23	--	10	6230	бТел
10:50:10	6.23	--	3	1869	бТел
10:50:05	6.23	-0.01	2	1246	бТел
10:50:00	6.24	--	255	159120	бРел
10:49:50	6.24	--	17	10608	бРел
10:49:45	6.24	0.01	5	3120	бРел
10:49:40	6.23	-0.01	10	6230	бТел
10:49:35	6.24	--	301	187824	бРел
10:49:30	6.24	--	8	4992	бРел
10:49:25	6.24	0.01	17	10608	бТел
10:49:10	6.23	-0.01	28	17444	бТел
10:49:05	6.24	--	120	75004	бРел
10:48:55	6.24	--	5	3120	бРел
10:48:50	6.24	--	2	1248	бРел
10:48:40	6.24	--	25	15600	бРел
10:48:35	6.24	--	62	38688	бТел
10:48:29	6.24	--	162	101088	бТел
10:48:25	6.24	--	119	74256	бРел
10:48:20	6.24	--	197	122928	бРел
10:48:14	6.24	0.01	6	3744	бРел
10:48:05	6.23	-0.01	151	94073	бТел
10:47:50	6.24	--	111	69264	бРел
10:47:40	6.24	--	15	9360	бРел
10:47:35	6.24	--	7	4368	бРел
10:47:25	6.24	0.01	64	39936	бРел
10:47:20	6.23	--	10	6230	бТел
10:47:10	6.23	0.02	53	33162	бРел
10:47:05	6.21	--	2	1242	бТел
10:46:59	6.21	-0.02	1000	621000	бТел
10:46:55	6.23	0.02	39	24297	бРел
10:46:50	6.21	-0.02	111	68931	бТел
10:46:44	6.23	0.01	216	134568	бРел
10:46:40	6.22	0.01	32	19904	бРел
10:46:35	6.21	--	167	103707	бТел
10:46:29	6.21	-0.01	13	8073	бТел
10:46:25	6.22	0.01	14	8708	бРел
10:46:20	6.21	--	15	9315	бТел
10:46:14	6.21	-0.01	83	51543	бТел
10:46:09	6.22	0.01	42	26124	бРел
10:46:05	6.21	--	2	1242	бТел
10:45:54	6.21	--	3	1863	бТел
10:45:50	6.21	--	5	3105	бТел
10:45:39	6.21	--	29	18009	бТел
10:45:35	6.21	--	1	621	бТел
10:45:29	6.21	--	1	621	бТел
10:45:24	6.21	--	22	13662	бТел
10:45:20	6.21	--	3	1863	бТел
10:45:14	6.21	--	3	1863	бТел
10:45:09	6.21	--	9	5589	бТел
10:45:05	6.21	--	27	16767	бТел
10:44:59	6.21	--	10	6210	бТел
10:44:54	6.21	--	27	16767	бТел
10:44:50	6.21	--	24	14904	бТел
10:44:44	6.21	--	22	13662	бТел
10:44:39	6.21	--	51	31671	бТел
10:44:34	6.21	--	78	48438	бТел
10:44:19	6.21	-0.01	1	621	бТел
10:44:14	6.22	--	7	4354	бРел
10:44:09	6.22	0.01	50	31100	бРел
10:44:04	6.21	-0.01	3	1863	бТел
10:43:39	6.22	--	50	31100	бРел
10:43:34	6.22	--	30	18660	бРел
10:43:24	6.22	--	10	6220	бРел
10:43:09	6.22	0.01	46	28612	бРел
10:43:04	6.21	--	51	31671	бТел
10:42:59	6.21	--	4	2484	бТел
10:42:49	6.21	--	52	32292	бТел
10:42:44	6.21	--	27	16767	бТел
10:42:34	6.21	--	19	11799	бТел
10:42:29	6.21	-0.01	65	40365	бТел
10:42:24	6.22	0.01	30	18660	бРел
10:42:19	6.21	--	61	37881	бТел
10:42:14	6.21	--	18	11178	бТел
10:42:04	6.21	--	48	29808	бТел
10:41:59	6.21	-0.01	106	65826	бТел
10:41:54	6.22	--	7	4354	бРел
10:41:44	6.22	--	11	6842	бРел
10:41:34	6.22	0.01	21	13062	бРел
10:41:23	6.21	--	9	5589	бТел
10:41:14	6.21	--	12	7452	бТел
10:41:08	6.21	--	1	621	бТел
10:41:04	6.21	--	11	6831	бТел
10:40:59	6.21	--	5	3105	бТел
10:40:44	6.21	-0.01	240	149040	бТел
10:40:38	6.22	0.01	39	24258	бРел
10:40:29	6.21	--	61	37881	бТел
10:40:19	6.21	--	27	16767	бТел
10:40:13	6.21	-0.01	121	75141	бТел
10:40:08	6.22	0.01	21	13062	бРел
10:40:04	6.21	-0.01	22	13662	бТел
10:39:59	6.22	--	6	3732	бРел
10:39:49	6.22	0.01	22	13684	бРел
10:39:34	6.21	--	18	11178	бТел
10:39:29	6.21	-0.01	170	105570	бТел
10:39:19	6.22	--	12	7464	бРел
10:39:14	6.22	0.01	70	43540	бРел
10:39:04	6.21	-0.01	1	621	бТел
10:38:59	6.22	0.01	5	3110	бРел
10:38:53	6.21	--	3	1863	бТел
10:38:49	6.21	-0.01	93	57753	бТел
10:38:44	6.22	--	10	6220	бРел
10:38:38	6.22	0.01	35	21770	бРел
10:38:33	6.21	-0.01	28	17388	бТел
10:38:29	6.22	0.01	135	83970	бРел
10:38:23	6.21	--	17	10557	бТел
10:38:18	6.21	-0.01	199	123579	бТел
10:38:14	6.22	0.01	304	189088	бРел
10:38:03	6.21	--	12	7452	бТел
10:37:59	6.21	-0.01	20	12420	бТел
10:37:53	6.22	--	30	18660	бРел
10:37:48	6.22	0.01	12	7464	бРел
10:37:43	6.21	-0.01	8	4968	бТел
10:37:38	6.22	0.01	10	6220	бРел
10:37:33	6.21	--	155	96255	бТел
10:37:18	6.21	--	28	17388	бТел
10:37:03	6.21	-0.01	2	1242	бТел
10:36:58	6.22	0.01	51	31722	бРел
10:36:53	6.21	--	13	8073	бТел
10:36:48	6.21	-0.01	4	2484	бТел
10:36:43	6.22	--	51	31722	бРел
10:36:33	6.22	--	30	18660	бРел
10:36:28	6.22	--	10	6220	бРел
10:36:18	6.22	--	6	3732	бРел
10:36:13	6.22	0.01	60	37320	бРел
10:36:08	6.21	--	3	1863	бТел
10:35:53	6.21	-0.01	37	22977	бТел
10:35:48	6.22	0.01	18	11196	бРел
10:35:43	6.21	-0.01	80	49680	бТел
10:35:38	6.22	0.01	30	18660	бРел
10:35:28	6.21	-0.01	34	21114	бТел
10:35:23	6.22	0.01	18	11196	бРел
10:35:08	6.21	-0.01	37	22977	бТел
10:35:03	6.22	0.01	1	622	бРел
10:34:43	6.21	-0.01	22	13662	бТел
10:34:38	6.22	0.01	45	27990	бРел
10:34:33	6.21	--	10	6210	бТел
10:34:28	6.21	--	2	1242	бТел
10:34:23	6.21	--	54	33534	бТел
10:34:13	6.21	-0.01	9	5589	бТел
10:34:08	6.22	0.01	11	6842	бРел
10:34:02	6.21	--	2	1242	бТел
10:33:53	6.21	--	12	7452	бТел
10:33:43	6.21	--	80	49680	бРел
10:33:37	6.21	--	3	1863	бРел
10:33:32	6.21	--	40	24840	бРел
10:33:28	6.21	--	10	6210	бРел
10:33:17	6.21	--	35	21735	бРел
10:33:13	6.21	0.01	20	12420	бРел
10:33:07	6.2	-0.01	3	1860	бТел
10:32:58	6.21	--	204	126684	бРел
10:32:47	6.21	0.01	10	6210	бРел
10:32:37	6.2	-0.01	70	43400	бТел
10:32:28	6.21	--	11	6831	бРел
10:32:22	6.21	--	20	12420	бРел
10:32:17	6.21	--	30	18630	бРел
10:32:13	6.21	0.01	41	25461	бРел
10:32:07	6.2	-0.01	102	63240	бТел
10:32:02	6.21	--	10	6210	бРел
10:31:52	6.21	0.01	20	12420	бРел
10:31:43	6.2	--	46	28520	бТел
10:31:37	6.2	--	45	27900	бТел
10:31:28	6.2	--	10	6200	бТел
10:31:22	6.2	--	13	8060	бТел
10:31:13	6.2	--	64	39680	бТел
10:31:07	6.2	--	23	14260	бТел
10:30:57	6.2	--	30	18600	бТел
10:30:52	6.2	--	27	16740	бТел
10:30:47	6.2	--	107	66340	бТел
10:30:42	6.2	--	2	1240	бТел
10:30:32	6.2	--	72	44640	бТел
10:30:27	6.2	-0.01	224	138880	бТел
10:30:22	6.21	--	5	3105	бРел
10:30:17	6.21	0.01	3	1863	бРел
10:30:12	6.2	-0.01	89	55180	бТел
10:30:07	6.21	0.01	70	43470	бРел
10:30:02	6.2	--	132	81840	бТел
10:29:57	6.2	-0.01	36	22320	бТел
10:29:52	6.21	--	120	74520	бРел
10:29:47	6.21	0.01	4	2484	бРел
10:29:42	6.2	--	3	1860	бТел
10:29:32	6.2	-0.01	41	25420	бТел
10:29:22	6.21	--	11	6831	бРел
10:29:17	6.21	0.01	2	1242	бРел
10:29:12	6.2	-0.01	70	43400	бТел
10:29:07	6.21	0.01	348	216108	бРел
10:29:02	6.2	-0.01	25	15500	бТел
10:28:57	6.21	0.01	20	12420	бРел
10:28:52	6.2	-0.01	200	124000	бТел
10:28:47	6.21	0.01	10	6210	бРел
10:28:42	6.2	--	27	16740	бТел
10:28:32	6.2	--	26	16120	бТел
10:28:22	6.2	--	1	620	бТел
10:28:17	6.2	-0.01	67	41540	бТел
10:28:07	6.21	--	133	82593	бРел
10:28:02	6.21	0.01	92	57132	бРел
10:27:52	6.2	--	100	62012	бРел
10:27:47	6.2	--	14	8680	бРел
10:27:42	6.2	--	16	9920	бРел
10:27:37	6.2	--	53	33467	бТел
10:27:32	6.2	-0.01	53	32860	бТел
10:27:21	6.21	0.01	20	12420	бРел
10:27:17	6.2	--	191	118432	бРел
10:27:06	6.2	--	5	3100	бРел
10:27:01	6.2	--	1044	647887	бТел
10:26:46	6.2	-0.01	5	3100	бТел
10:26:41	6.21	0.01	20	12420	бРел
10:26:36	6.2	--	775	480500	бТел
10:26:31	6.2	--	731	453815	бТел
10:26:22	6.2	--	25	15500	бТел
10:26:06	6.2	-0.01	14	8680	бТел
10:26:01	6.21	--	25	15525	бРел
10:25:56	6.21	--	21	13041	бРел
10:25:51	6.21	--	9	5589	бРел
10:25:46	6.21	--	119	73899	бРел
10:25:41	6.21	0.01	19	11799	бРел
10:25:37	6.2	-0.01	6	3720	бТел
10:25:31	6.21	--	34	21114	бРел
10:25:21	6.21	--	26	16146	бРел
10:25:07	6.21	--	83	51543	бРел
10:25:01	6.21	--	57	35397	бРел
10:24:56	6.21	--	31	19251	бРел
10:24:51	6.21	0.01	110	68310	бРел
10:24:46	6.2	-0.01	21	13020	бТел
10:24:36	6.21	0.01	99	61479	бРел
10:24:31	6.2	-0.01	30	18600	бТел
10:24:26	6.21	--	20	12420	бРел
10:24:21	6.21	--	2	1242	бРел
10:24:16	6.21	--	170	105570	бРел
10:24:11	6.21	--	108	67068	бРел
10:24:06	6.21	0.01	75	46575	бРел
10:24:01	6.2	-0.01	66	40920	бТел
10:23:56	6.21	--	14	8694	бРел
10:23:51	6.21	0.01	5	3105	бРел
10:23:46	6.2	-0.01	67	41540	бТел
10:23:41	6.21	--	20	12420	бРел
10:23:36	6.21	--	42	26082	бРел
10:23:31	6.21	0.01	51	31671	бРел
10:23:26	6.2	-0.01	54	33480	бТел
10:23:21	6.21	0.01	6	3726	бРел
10:23:16	6.2	--	80	49600	бТел
10:23:01	6.2	-0.01	99	61380	бТел
10:22:56	6.21	--	201	124821	бРел
10:22:51	6.21	--	232	144072	бРел
10:22:46	6.21	--	36	22356	бРел
10:22:36	6.21	--	112	69552	бРел
10:22:31	6.21	--	8	4968	бРел
10:22:21	6.21	0.01	110	68310	бРел
10:22:15	6.2	--	44	27280	бТел
10:22:11	6.2	-0.01	1	620	бТел
10:22:06	6.21	--	14	8694	бРел
10:22:00	6.21	0.01	2	1242	бРел
10:21:56	6.2	-0.01	10	6200	бТел
10:21:51	6.21	--	10	6210	бРел
10:21:45	6.21	--	127	78867	бРел
10:21:41	6.21	0.01	2	1242	бРел
10:21:36	6.2	-0.01	211	130820	бТел
10:21:26	6.21	--	11	6831	бРел
10:21:15	6.21	0.01	10	6210	бРел
10:21:11	6.2	--	71	44020	бТел
10:21:06	6.2	--	13	8060	бТел
10:21:00	6.2	--	82	50840	бТел
10:20:56	6.2	--	16	9920	бТел
10:20:51	6.2	-0.01	400	248000	бТел
10:20:41	6.21	--	92	57132	бРел
10:20:36	6.21	--	22	13662	бРел
10:20:15	6.21	--	5	3105	бРел
10:20:10	6.21	--	184	114264	бТел
10:20:00	6.21	--	5	3105	бТел
10:19:55	6.21	-0.01	110	68310	бТел
10:19:45	6.22	--	16	9952	бРел
10:19:30	6.22	--	27	16794	бРел
10:19:25	6.22	0.01	304	189088	бРел
10:19:20	6.21	-0.01	25	15525	бТел
10:19:15	6.22	0.01	4	2488	жпптел
10:19:05	6.21	-0.01	34	21114	бТел
10:19:00	6.22	0.01	9	5598	бТел
10:18:50	6.21	--	12	7452	бТел
10:18:45	6.21	-0.02	3	1863	бТел
10:18:40	6.23	0.02	218	135814	бРел
10:18:35	6.21	0.01	42	26082	бРел
10:18:30	6.2	--	1	620	бТел
10:18:25	6.2	-0.02	210	130200	бТел
10:18:20	6.22	0.01	50	31100	бРел
10:18:15	6.21	-0.01	33	20493	жпптел
10:18:10	6.22	--	219	136218	бРел
10:18:05	6.22	0.01	54	33588	бРел
10:18:00	6.21	-0.01	9	5589	бТел
10:17:55	6.22	--	30	18660	бРел
10:17:50	6.22	--	128	79616	бРел
10:17:45	6.22	0.01	50	31100	бРел
10:17:40	6.21	-0.01	297	184437	бТел
10:17:30	6.22	--	50	31100	бТел
10:17:25	6.22	--	113	70323	бРел
10:17:20	6.22	--	13	8086	бРел
10:17:15	6.22	0.02	10	6220	бРел
10:17:10	6.2	-0.02	196	121520	бТел
10:17:05	6.22	0.01	19	11818	бРел
10:17:00	6.21	-0.01	6	3726	бТел
10:16:55	6.22	--	51	31722	бРел
10:16:50	6.22	--	17	10574	бРел
10:16:45	6.22	0.01	8	4976	бРел
10:16:35	6.21	0.01	48	29808	бРел
10:16:25	6.2	--	28	17360	бРел
10:16:20	6.2	--	224	138880	бРел
10:16:15	6.2	-0.01	303	187860	бТел
10:16:10	6.21	--	11	6831	бТел
10:16:05	6.21	-0.01	35	21735	бТел
10:16:00	6.22	0.02	173	107606	бРел
10:15:55	6.2	-0.01	162	100440	бТел
10:15:45	6.21	--	6	3726	бРел
10:15:40	6.21	0.01	143	88803	бРел
10:15:35	6.2	-0.01	20	12400	бТел
10:15:30	6.21	--	10	6210	бТел
10:15:25	6.21	0.01	25	15525	бРел
10:15:20	6.2	--	31	19220	бТел
10:15:15	6.2	--	68	42160	бРел
10:15:10	6.2	0.01	79	48980	бРел
10:15:05	6.19	-0.01	4	2476	бТел
10:14:54	6.2	--	139	86180	бТел
10:14:50	6.2	--	67	41540	бТел
10:14:45	6.2	--	100	62000	бТел
10:14:35	6.2	-0.01	10	6200	бТел
10:14:30	6.21	0.01	7	4347	бРел
10:14:24	6.2	-0.01	211	130820	бТел
10:14:20	6.21	0.01	1	621	бРел
10:14:09	6.2	-0.01	22	13640	бТел
10:14:05	6.21	--	105	65205	бРел
10:13:54	6.21	0.01	9	5589	бРел
10:13:49	6.2	--	20	12400	бТел
10:13:45	6.2	--	64	39680	бРел
10:13:39	6.2	--	5	3100	бРел
10:13:34	6.2	--	53	32860	бРел
10:13:30	6.2	0.01	51	31620	бРел
10:13:19	6.19	-0.01	41	25379	бТел
10:13:15	6.2	0.01	6	3720	бРел
10:13:09	6.19	--	14	8666	бТел
10:13:04	6.19	-0.01	28	17332	бТел
10:13:00	6.2	0.01	19	11780	бРел
10:12:54	6.19	--	70	43330	бТел
10:12:49	6.19	-0.01	48	29712	бТел
10:12:39	6.2	--	4	2480	бРел
10:12:30	6.2	--	82	50840	бРел
10:12:24	6.2	0.01	3	1860	бРел
10:12:19	6.19	--	46	28474	бТел
10:12:14	6.19	--	5	3095	бТел
10:12:04	6.19	0.01	14	8666	жпптел
10:11:59	6.18	--	126	77868	бТел
10:11:54	6.18	--	736	454848	бТел
10:11:49	6.18	-0.01	802	495636	бТел
10:11:44	6.19	--	100	61900	бРел
10:11:39	6.19	--	118	73042	бРел
10:11:34	6.19	--	260	160940	бРел
10:11:24	6.19	0.01	52	32188	бРел
10:11:19	6.18	-0.01	64	39552	бТел
10:11:14	6.19	--	62	38378	бРел
10:11:09	6.19	--	28	17332	бРел
10:11:04	6.19	--	663	410397	бТел
10:10:59	6.19	--	141	87279	бТел
10:10:54	6.19	-0.01	151	93469	бТел
10:10:49	6.2	--	115	71300	бРел
10:10:44	6.2	--	4	2480	бРел
10:10:39	6.2	-0.01	717	444664	бТел
10:10:34	6.21	--	11	6831	бРел
10:10:29	6.21	--	14	8694	бРел
10:10:24	6.21	0.01	5	3105	бРел
10:10:19	6.2	-0.01	47	29140	бТел
10:10:14	6.21	0.01	127	78867	жпптел
10:10:09	6.2	--	500	310000	бТел
10:10:04	6.2	-0.01	85	52700	бТел
10:09:54	6.21	--	29	18009	бРел
10:09:49	6.21	--	639	397402	бТел
10:09:44	6.21	--	31	19251	бТел
10:09:39	6.21	-0.01	20	12420	бТел
10:09:34	6.22	0.01	36	22392	бРел
10:09:29	6.21	-0.01	29	18009	бТел
10:09:24	6.22	0.01	55	34210	бРел
10:09:14	6.21	-0.01	8	4968	бТел
10:09:04	6.22	--	17	10574	бРел
10:08:49	6.22	-0.01	6	3732	жпптел
10:08:44	6.23	0.01	55	34682	бРел
10:08:34	6.22	--	7	4354	бТел
10:08:29	6.22	--	115	71530	бТел
10:08:24	6.22	--	11	7047	бРел
10:08:19	6.22	0.01	74	46028	бРел
10:08:14	6.21	-0.01	73	45333	бТел
10:08:08	6.22	--	50	31100	бРел
10:08:04	6.22	--	13	8086	бРел
10:07:49	6.22	-0.01	810	503820	бТел
10:07:44	6.23	--	2	1246	бРел
10:07:33	6.23	0.01	26	16198	бРел
10:07:29	6.22	--	35	21770	бТел
10:07:24	6.22	-0.01	10	6220	бТел
10:07:18	6.23	--	7	4361	бРел
10:07:14	6.23	--	215	133945	бРел
10:07:09	6.23	0.01	27	16821	бРел
10:07:03	6.22	--	84	52248	бТел
10:06:58	6.22	-0.01	36	22392	бТел
10:06:54	6.23	0.01	30	18690	бРел
10:06:43	6.22	--	59	36698	бТел
10:06:39	6.22	--	41	25502	бТел
10:06:28	6.22	--	12	7501	бРел
10:06:24	6.22	--	10	6220	бРел
10:06:18	6.22	0.01	105	65310	бРел
10:06:13	6.21	-0.01	445	276345	бТел
10:06:09	6.22	--	35	21770	бРел
10:06:03	6.22	--	31	19282	бРел
10:05:58	6.22	--	3	1866	бРел
10:05:54	6.22	0.01	68	42296	бРел
10:05:48	6.21	-0.01	25	15525	бТел
10:05:43	6.22	--	147	91434	бРел
10:05:38	6.22	--	85	52870	бРел
10:05:33	6.22	--	10	6220	бРел
10:05:28	6.22	--	63	39186	бРел
10:05:23	6.22	--	10	6220	бРел
10:05:18	6.22	--	91	56602	бРел
10:05:13	6.22	--	133	82726	бРел
10:05:03	6.22	--	70	43540	бРел
10:04:58	6.22	--	19	11818	бРел
10:04:53	6.22	0.01	7	4354	бРел
10:04:43	6.21	--	86	53406	бТел
10:04:38	6.21	--	5	3105	бТел
10:04:33	6.21	--	78	48438	бТел
10:04:28	6.21	--	10	6210	бРел
10:04:23	6.21	--	10	6210	бРел
10:04:18	6.21	0.01	5	3105	бРел
10:04:13	6.2	-0.01	32	19840	бТел
10:04:08	6.21	--	20	12420	бРел
10:04:03	6.21	0.01	47	29187	бРел
10:03:58	6.2	-0.01	31	19220	бТел
10:03:53	6.21	--	10	6210	бРел
10:03:48	6.21	--	423	262683	бРел
10:03:43	6.21	--	41	25461	бРел
10:03:38	6.21	--	125	77625	бТел
10:03:33	6.21	--	225	139725	бТел
10:03:28	6.21	-0.01	22	13662	бТел
10:03:23	6.22	0.01	10	6220	бРел
10:03:18	6.21	-0.01	13	8073	бТел
10:03:13	6.22	0.01	86	53492	бРел
10:03:08	6.21	-0.01	1	621	бТел
10:03:03	6.22	0.01	80	49760	бРел
10:02:58	6.21	-0.01	144	89424	бТел
10:02:53	6.22	--	12	7464	бРел
10:02:48	6.22	0.01	11	6842	бРел
10:02:43	6.21	-0.01	49	30429	жпптел
10:02:38	6.22	0.01	214	133108	бРел
10:02:33	6.21	--	20	12420	бРел
10:02:28	6.21	0.01	43	26703	бРел
10:02:18	6.2	--	23	14260	бТел
10:02:13	6.2	--	16	9920	бТел
10:02:08	6.2	-0.01	15	9300	бТел
10:02:03	6.21	--	1	621	бРел
10:01:58	6.21	0.01	60	37260	бРел
10:01:53	6.2	--	42	26040	бТел
10:01:47	6.2	-0.01	32	19840	бТел
10:01:43	6.21	0.01	70	43470	жпптел
10:01:38	6.2	--	242	150040	бТел
10:01:32	6.2	--	13	8060	бТел
10:01:23	6.2	--	80	49600	бТел
10:01:17	6.2	-0.02	1	620	бТел
10:01:13	6.22	0.02	68	42296	бРел
10:01:08	6.2	-0.02	32	19840	бТел
10:01:02	6.22	--	0	0	бРел
10:00:58	6.22	--	64	39808	бРел
10:00:53	6.22	0.02	32	19904	бРел
10:00:47	6.2	-0.02	61	37820	бТел
10:00:43	6.22	--	4	2488	бРел
10:00:37	6.22	--	96	59712	бРел
10:00:32	6.22	0.02	1	622	бРел
10:00:27	6.2	--	18	11160	бТел
10:00:22	6.2	--	23	14260	бТел
10:00:17	6.2	--	40	24800	бТел
10:00:12	6.2	--	235	146196	бРел
10:00:07	6.2	0.01	45	27900	бРел
10:00:02	6.19	-0.01	268	165892	бТел
09:59:57	6.2	--	300	186000	бРел
09:59:52	6.2	--	83	51460	бРел
09:59:47	6.2	--	5	3100	бРел
09:59:42	6.2	0.01	272	168640	бРел
09:59:37	6.19	-0.01	99	61281	бТел
09:59:32	6.2	--	167	103540	бРел
09:59:27	6.2	0.01	98	60760	бРел
09:59:22	6.19	-0.01	50	30950	бТел
09:59:17	6.2	--	52	32240	бРел
09:59:12	6.2	0.01	89	55180	бРел
09:59:07	6.19	-0.01	114	70566	бТел
09:59:02	6.2	0.01	13	8060	бРел
09:58:57	6.19	--	39	24141	бТел
09:58:52	6.19	--	303	187557	бТел
09:58:47	6.19	--	3	1857	бТел
09:58:42	6.19	--	47	29093	бТел
09:58:37	6.19	--	50	30950	бТел
09:58:32	6.19	--	43	26617	бТел
09:58:27	6.19	--	816	505104	бРел
09:58:22	6.19	0.01	519	321261	бРел
09:58:17	6.18	--	47	29046	бТел
09:58:12	6.18	--	168	103824	бТел
09:58:07	6.18	-0.01	461	284898	бТел
09:58:02	6.19	--	186	115134	бТел
09:57:57	6.19	--	1454	900026	бТел
09:57:52	6.19	-0.01	313	193747	бТел
09:57:47	6.2	--	10	6200	бРел
09:57:42	6.2	--	123	76260	бРел
09:57:37	6.2	-0.04	7815	4845610	бТел
09:57:32	6.24	--	31	19344	бТел
09:57:27	6.24	--	80	49920	бТел
09:57:22	6.24	--	46	28704	бТел
09:57:17	6.24	-0.01	5	3120	бТел
09:57:12	6.25	0.01	27	16875	бРел
09:57:07	6.24	--	103	64272	бТел
09:57:02	6.24	--	23	14352	бТел
09:56:57	6.24	--	61	38064	бТел
09:56:52	6.24	--	113	70512	бТел
09:56:47	6.24	--	37	23088	бТел
09:56:42	6.24	--	171	106704	бТел
09:56:37	6.24	--	144	89856	бТел
09:56:32	6.24	--	17	10608	бТел
09:56:27	6.24	--	271	169104	бТел
09:56:22	6.24	--	109	68016	бТел
09:56:17	6.24	--	30	18720	бТел
09:56:12	6.24	--	120	74880	бТел
09:56:07	6.24	-0.01	497	310128	бТел
09:56:02	6.25	0.01	2	1250	бРел
09:55:57	6.24	-0.01	10	6240	бТел
09:55:52	6.25	--	125	78125	бРел
09:55:47	6.25	--	7	4375	бРел
09:55:42	6.25	0.01	3	1875	бРел
09:55:37	6.24	--	13	8112	бТел
09:55:32	6.24	--	40	24960	бТел
09:55:22	6.24	--	239	149136	бТел
09:55:07	6.24	-0.01	18	11232	бТел
09:55:02	6.25	--	5	3125	бРел
09:54:52	6.25	--	452	282775	бТел
09:54:47	6.25	-0.01	102	63750	бТел
09:54:37	6.26	0.01	13	8138	бРел
09:54:32	6.25	--	202	126250	бТел
09:54:26	6.25	-0.01	40	25000	бТел
09:54:22	6.26	--	20	12520	бРел
09:54:17	6.26	--	54	33804	бРел
09:54:11	6.26	--	4	2504	бРел
09:54:07	6.26	0.01	7	4382	бРел
09:54:02	6.25	-0.01	82	51250	бТел
09:53:52	6.26	--	13	8138	бРел
09:53:46	6.26	--	20	12520	бРел
09:53:41	6.26	--	29	18154	бРел
09:53:37	6.26	0.01	4	2504	бРел
09:53:31	6.25	--	50	31250	бТел
09:53:26	6.25	-0.01	69	43125	бТел
09:53:22	6.26	0.01	95	59470	бРел
09:53:16	6.25	--	2	1250	бТел
09:53:11	6.25	-0.01	13	8125	бТел
09:53:06	6.26	--	15	9390	бРел
09:53:01	6.26	0.01	20	12520	бРел
09:52:56	6.25	-0.01	7	4725	бТел
09:52:51	6.26	0.01	52	32552	бРел
09:52:41	6.25	--	33	20625	бТел
09:52:31	6.25	0.01	121	75625	бРел
09:52:26	6.24	-0.01	215	134160	бТел
09:52:21	6.25	--	8	5000	бРел
09:52:16	6.25	0.01	11	6875	бРел
09:52:11	6.24	-0.01	101	63024	бТел
09:52:06	6.25	0.01	67	41875	бРел
09:52:01	6.24	--	31	19344	бТел
09:51:56	6.24	--	1	624	бТел
09:51:51	6.24	--	54	33696	бТел
09:51:46	6.24	--	13	8112	бТел
09:51:41	6.24	0.01	3	1872	бТел
09:51:36	6.23	--	0	0	бТел
09:51:31	6.23	-0.02	508	316484	бТел
09:51:26	6.25	0.01	126	78750	бРел
09:51:21	6.24	--	262	163488	бРел
09:51:16	6.24	--	34	21216	бТел
09:51:11	6.24	--	25	15600	бРел
09:51:06	6.24	--	68	42432	бРел
09:51:01	6.24	--	103	64272	бРел
09:50:56	6.24	--	73	45552	бРел
09:50:51	6.24	-0.01	212	132288	бТел
09:50:46	6.25	0.01	54	33750	бРел
09:50:41	6.24	-0.01	30	18720	бТел
09:50:36	6.25	0.01	53	33125	бРел
09:50:31	6.24	-0.01	177	110448	бТел
09:50:26	6.25	--	8	5000	бРел
09:50:21	6.25	--	134	83750	бРел
09:50:16	6.25	0.01	29	18125	бРел
09:50:11	6.24	-0.01	5	3120	бТел
09:50:06	6.25	--	10	6250	бРел
09:50:01	6.25	--	0	0	бРел
09:49:56	6.25	0.02	500	312500	бРел
09:49:51	6.23	-0.01	86	53578	бТел
09:49:46	6.24	--	535	333840	бРел
09:49:36	6.24	--	15	9360	бРел
09:49:31	6.24	0.01	20	12480	бРел
09:49:26	6.23	--	103	64169	бТел
09:49:21	6.23	--	14	8722	бТел
09:49:16	6.23	--	31	19313	бТел
09:49:11	6.23	--	10	6230	бТел
09:49:06	6.23	-0.01	73	45479	бТел
09:49:01	6.24	0.01	143	89232	бРел
09:48:56	6.23	0.01	109	67907	бТел
09:48:51	6.22	-0.01	160	99520	бТел
09:48:46	6.23	--	25	15575	бТел
09:48:41	6.23	--	112	70087	бРел
09:48:36	6.23	--	456	284088	бРел
09:48:31	6.23	--	22	13706	бРел
09:48:26	6.23	--	61	38003	бРел
09:48:21	6.23	--	107	66661	бРел
09:48:16	6.23	--	678	422705	бТел
09:48:11	6.23	--	69	42987	бТел
09:48:06	6.23	--	110	68530	бТел
09:48:01	6.23	--	179	111517	бТел
09:47:56	6.23	-0.01	102	63546	бТел
09:47:51	6.24	--	701	437424	бРел
09:47:46	6.24	0.01	71	44304	бРел
09:47:41	6.23	-0.01	70	43610	бТел
09:47:36	6.24	--	254	158496	бРел
09:47:31	6.24	0.01	95	59280	бРел
09:47:26	6.23	--	143	89089	бТел
09:47:21	6.23	-0.01	77	47971	бТел
09:47:16	6.24	0.01	54	33696	бРел
09:47:10	6.23	-0.01	416	259168	бТел
09:47:06	6.24	--	27	16848	бРел
09:47:01	6.24	-0.01	201	125424	бТел
09:46:55	6.25	0.01	259	162187	бРел
09:46:50	6.24	--	32	19968	бТел
09:46:46	6.24	-0.01	126	78624	бТел
09:46:40	6.25	--	76	47500	бРел
09:46:35	6.25	--	117	73125	бРел
09:46:31	6.25	0.01	156	97500	бРел
09:46:25	6.24	--	173	107952	бТел
09:46:20	6.24	--	33	20592	бТел
09:46:16	6.24	-0.01	298	185952	бТел
09:46:10	6.25	--	16	10000	бРел
09:46:05	6.25	--	40	25000	бРел
09:46:01	6.25	--	318	198750	бТел
09:45:55	6.25	--	169	105625	бТел
09:45:50	6.25	-0.01	36	22500	бТел
09:45:45	6.26	0.01	62	38812	бРел
09:45:40	6.25	-0.01	75	46875	бТел
09:45:35	6.26	--	220	137720	бРел
09:45:30	6.26	--	1532	959032	бТел
09:45:25	6.26	--	190	118940	бТел
09:45:20	6.26	--	39	24414	бТел
09:45:15	6.26	--	270	169020	бТел
09:45:10	6.26	--	183	114558	бТел
09:45:05	6.26	-0.01	66	41316	бТел
09:45:00	6.27	--	441	276507	бРел
09:44:55	6.27	0.01	72	45144	бРел
09:44:50	6.26	-0.01	14	8764	бТел
09:44:45	6.27	0.01	129	80883	бРел
09:44:40	6.26	-0.01	30	18780	бТел
09:44:35	6.27	--	44	27587	бРел
09:44:30	6.27	--	451	282777	бРел
09:44:25	6.27	0.01	317	198759	бРел
09:44:20	6.26	--	105	65730	бТел
09:44:15	6.26	-0.01	1295	810670	бТел
09:44:10	6.27	--	212	132924	бРел
09:44:05	6.27	--	28	17556	бРел
09:44:00	6.27	--	41	25707	бРел
09:43:55	6.27	--	115	72105	бРел
09:43:50	6.27	--	211	132297	бРел
09:43:45	6.27	0.01	120	75240	бРел
09:43:40	6.26	-0.01	179	112054	бТел
09:43:35	6.27	0.01	20	12540	бРел
09:43:30	6.26	--	275	172150	бТел
09:43:25	6.26	--	163	102038	бТел
09:43:20	6.26	-0.01	4	2504	бТел
09:43:15	6.27	0.01	171	107216	бРел
09:43:10	6.26	--	93	58218	бТел
09:43:05	6.26	--	535	334910	бТел
09:43:00	6.26	--	60	37560	бТел
09:42:55	6.26	--	160	100160	бТел
09:42:50	6.26	--	76	47576	бТел
09:42:45	6.26	--	87	54462	бТел
09:42:39	6.26	--	154	96404	бТел
09:42:35	6.26	-0.01	36	22536	бТел
09:42:30	6.27	--	272	170544	бРел
09:42:25	6.27	--	215	134805	бРел
09:42:20	6.27	--	67	42009	бРел
09:42:15	6.27	--	149	93423	бРел
09:42:09	6.27	--	54	34089	бТел
09:42:05	6.27	--	107	67089	бТел
09:41:54	6.27	-0.01	377	236378	бТел
09:41:50	6.28	--	820	514960	бРел
09:41:45	6.28	--	10	6280	бРел
09:41:39	6.28	--	29	18212	бРел
09:41:35	6.28	--	193	121204	бТел
09:41:30	6.28	--	5	3140	бТел
09:41:24	6.28	--	23	14444	бРел
09:41:20	6.28	--	686	430808	бТел
09:41:15	6.28	-0.01	16	10048	бТел
09:41:09	6.29	0.01	97	61013	бРел
09:41:05	6.28	--	229	143812	бТел
09:40:54	6.28	--	54	33912	бТел
09:40:50	6.28	--	79	49612	бРел
09:40:45	6.28	--	5	3140	бРел
09:40:39	6.28	-0.01	421	264388	бТел
09:40:35	6.29	0.01	15	9435	бРел
09:40:30	6.28	-0.01	212	133136	бТел
09:40:24	6.29	--	12	7548	бРел
09:40:19	6.29	0.02	110	69190	бРел
09:40:15	6.27	-0.02	265	166155	бТел
09:40:09	6.29	0.02	66	41514	бРел
09:40:04	6.27	--	19	11913	бТел
09:40:00	6.27	-0.01	103	64580	бТел
09:39:54	6.28	0.01	210	132275	бРел
09:39:49	6.27	--	310	194370	бТел
09:39:39	6.27	0.01	64	40128	жпптел
09:39:34	6.26	--	54	33804	бТел
09:39:30	6.26	-0.02	76	47576	бТел
09:39:24	6.28	--	357	224196	бРел
09:39:19	6.28	0.02	123	77244	бРел
09:39:14	6.26	--	63	39438	бТел
09:39:09	6.26	--	432	270432	бТел
09:39:04	6.26	--	511	319886	бРел
09:38:59	6.26	--	320	200320	бРел
09:38:54	6.26	--	158	98908	бРел
09:38:49	6.26	--	892	558392	бРел
09:38:44	6.26	0.01	236	147736	бРел
09:38:39	6.25	-0.01	276	172500	бТел
09:38:34	6.26	-0.01	183	114558	бТел
09:38:29	6.27	0.01	597	374319	бРел
09:38:24	6.26	0.01	149	93274	жпптел
09:38:19	6.25	-0.02	167	104375	бТел
09:38:14	6.27	--	3	1880	бРел
09:38:09	6.27	--	81	50787	бРел
09:38:04	6.27	-0.01	2832	1775663	бТел
09:37:59	6.28	0.01	52	32656	бРел
09:37:54	6.27	-0.01	258	161766	бТел
09:37:49	6.28	--	518	325536	бТел
09:37:44	6.28	--	396	248688	бТел
09:37:39	6.28	-0.01	230	144440	бТел
09:37:34	6.29	0.01	45	28305	бРел
09:37:29	6.28	-0.01	40	25120	бТел
09:37:24	6.29	-0.01	279	175491	бТел
09:37:19	6.3	--	295	186246	бРел
09:37:14	6.3	--	324	204120	бТел
09:37:09	6.3	--	1486	936180	бТел
09:37:04	6.3	-0.01	9	5670	бТел
09:36:59	6.31	--	20	12620	бРел
09:36:54	6.31	--	1967	1241259	бТел
09:36:49	6.31	-0.01	49	30918	бТел
09:36:44	6.32	--	20	12640	бРел
09:36:39	6.32	--	145	91640	бРел
09:36:34	6.32	--	610	385520	бТел
09:36:29	6.32	--	0	0	бТел
09:36:24	6.32	-0.01	271	171272	бТел
09:36:19	6.33	--	172	108876	бРел
09:36:14	6.33	0.01	151	95583	бРел
09:36:09	6.32	--	63	39816	бТел
09:36:04	6.32	--	183	115656	бТел
09:35:59	6.32	-0.01	26	16432	бТел
09:35:54	6.33	--	66	41778	бРел
09:35:48	6.33	--	56	35448	бРел
09:35:44	6.33	--	5	3165	бРел
09:35:39	6.33	--	195	123435	бТел
09:35:33	6.33	--	32	20256	бТел
09:35:29	6.33	--	4	2532	бТел
09:35:24	6.33	--	120	75960	бТел
09:35:18	6.33	--	87	55071	бТел
09:35:14	6.33	--	62	39246	бТел
09:35:09	6.33	--	9	5697	бТел
09:35:03	6.33	0.01	588	372204	бРел
09:34:59	6.32	--	501	316632	бТел
09:34:54	6.32	--	186	117552	бТел
09:34:48	6.32	-0.01	178	112496	бТел
09:34:44	6.33	0.01	12	7596	бРел
09:34:33	6.32	--	298	188336	бТел
09:34:29	6.32	--	116	73312	бТел
09:34:23	6.32	--	177	111864	бРел
09:34:18	6.32	--	53	33496	бРел
09:34:14	6.32	-0.01	190	120080	жпптел
09:34:09	6.33	0.01	50	31650	бРел
09:34:03	6.32	-0.01	1020	644640	бТел
09:33:59	6.33	--	76	48108	бРел
09:33:54	6.33	0.01	6	3798	бРел
09:33:48	6.32	-0.01	607	383624	бТел
09:33:44	6.33	-0.01	100	63300	бТел
09:33:38	6.34	0.01	37	23458	бРел
09:33:33	6.33	-0.01	17	10761	бТел
09:33:29	6.34	-0.01	130	82420	бТел
09:33:24	6.35	0.01	21	13335	бРел
09:33:18	6.34	--	350	221900	бТел
09:33:13	6.34	-0.01	277	175618	бТел
09:33:08	6.35	0.01	15	9525	бРел
09:33:03	6.34	-0.01	60	38040	бТел
09:32:58	6.35	--	107	67945	бРел
09:32:54	6.35	--	273	173355	бТел
09:32:48	6.35	-0.01	48	30480	бТел
09:32:43	6.36	-0.01	57	36252	бТел
09:32:39	6.37	0.01	63	40131	бРел
09:32:33	6.36	--	248	157728	бРел
09:32:28	6.36	0.01	69	43884	бРел
09:32:23	6.35	-0.01	50	31750	бТел
09:32:18	6.36	-0.01	141	89676	бТел
09:32:13	6.37	0.01	227	144599	бРел
09:32:08	6.36	-0.01	8	5088	бТел
09:32:03	6.37	0.01	87	55419	бРел
09:31:58	6.36	--	89	56604	бРел
09:31:53	6.36	0.01	67	42612	жпптел
09:31:48	6.35	-0.02	189	120015	бТел
09:31:43	6.37	--	361	229957	бРел
09:31:38	6.37	0.02	552	351624	бРел
09:31:33	6.35	-0.01	469	297815	бТел
09:31:28	6.36	--	77	49595	бТел
09:31:23	6.36	--	143	90948	бТел
09:31:18	6.36	--	90	57240	бТел
09:31:13	6.36	0.02	498	316740	бРел
09:31:08	6.34	--	2	1268	бТел
09:31:03	6.34	-0.01	69	43746	бТел
09:30:58	6.35	0.01	34	21590	жпптел
09:30:53	6.34	-0.02	11	6974	бТел
09:30:48	6.36	--	14	8904	бРел
09:30:43	6.36	--	69	43884	бРел
09:30:38	6.36	-0.01	11	7619	бТел
09:30:33	6.37	0.01	55	35047	бРел
09:30:28	6.36	-0.01	72	45792	бТел
09:30:18	6.37	0.03	73	46501	бРел
09:30:13	6.34	--	73	46282	бТел
09:30:08	6.34	-0.02	242	153428	бТел
09:30:03	6.36	0.05	525	333900	бРел
09:28:52	6.31	--	0	0	бТел
09:25:04	6.31	6.31	1536	969764	бРел
